#,Season,Name,Team,W,L,SV,G,GS,IP,K/9,BB/9,HR/9,BABIP,LOB%,GB%,HR/FB,vFA (pi),ERA,xERA,FIP,xFIP,WAR
1,2023,Zack Wheeler,PHI,13,6,0,32,32,192,9.94,1.83,0.94,0.292,71.30%,41.20%,9.90%,96,3.61,3.18,3.15,3.54,5.9
2,2023,Spencer Strider,ATL,20,5,0,32,32,186.2,13.55,2.8,1.06,0.316,70.30%,34.10%,12.20%,97.4,3.86,3.09,2.85,2.92,5.5
3,2023,Kevin Gausman,TOR,12,9,0,31,31,185,11.53,2.68,0.92,0.321,76.60%,42.60%,10.70%,94.6,3.16,3.85,2.97,3.22,5.3
4,2023,Sonny Gray,MIN,8,8,0,32,32,184,8.95,2.69,0.39,0.295,76.80%,47.30%,5.20%,92.8,2.79,3.66,2.83,3.64,5.3
5,2023,Gerrit Cole,NYY,15,4,0,33,33,209,9.56,2.07,0.86,0.261,80.40%,39.60%,9.40%,96.8,2.63,3.48,3.16,3.6,5.2
6,2023,Zac Gallen,ARI,17,9,0,34,34,210,9.43,2.01,0.94,0.301,73.10%,41.80%,10.90%,93.5,3.47,4.16,3.26,3.49,5.2
7,2023,Justin Steele,CHC,16,5,0,30,30,173.1,9.14,1.87,0.73,0.317,73.00%,49.40%,9.90%,,3.06,3.5,3.02,3.32,4.9
8,2023,Logan Webb,SFG,11,13,0,33,33,216,8.08,1.29,0.83,0.302,73.70%,62.10%,15.40%,92.7,3.25,3.63,3.16,2.95,4.9
9,2023,Zach Eflin,TBR,16,8,0,31,31,177.2,9.42,1.22,0.96,0.295,73.20%,49.80%,11.70%,93.1,3.5,3.02,3.01,3.12,4.8
10,2023,Pablo López,MIN,11,8,0,32,32,194,10.86,2.23,1.11,0.313,76.20%,45.20%,13.10%,94.9,3.66,3,3.33,3.28,4.5
11,2023,George Kirby,SEA,13,10,0,31,31,190.2,8.12,0.9,1.04,0.292,75.10%,44.20%,10.70%,96.2,3.35,3.9,3.34,3.63,4.4
12,2023,Framber Valdez,HOU,12,11,0,31,31,198,9.09,2.59,0.86,0.282,71.20%,54.20%,14.00%,95.7,3.45,4.33,3.5,3.39,4.3
13,2023,Jordan Montgomery,2 Tms,10,11,0,32,32,188.2,7.92,2.29,0.86,0.294,75.60%,43.20%,9.30%,93.4,3.2,3.98,3.56,4.01,4.3
14,2023,Blake Snell,SDP,14,9,0,32,32,180,11.7,4.95,0.75,0.256,86.70%,44.40%,10.90%,95.7,2.25,3.77,3.44,3.62,4.1
15,2023,Aaron Nola,PHI,12,9,0,32,32,193.2,9.39,2.09,1.49,0.285,66.40%,42.60%,15.60%,92.9,4.46,3.71,4.03,3.63,3.9
16,2023,Kyle Bradish,BAL,12,7,0,30,30,168.2,8.96,2.35,0.75,0.27,79.10%,49.20%,10.20%,,2.83,3.77,3.27,3.53,3.8
17,2023,Jesús Luzardo,MIA,10,10,0,32,32,178.2,10.48,2.77,1.11,0.311,74.90%,40.20%,11.50%,96.8,3.58,3.96,3.55,3.72,3.7
18,2023,Dylan Cease,CHW,7,9,0,33,33,177,10.88,4.02,0.97,0.33,69.40%,36.00%,10.20%,95.8,4.58,4.13,3.72,4.08,3.7
19,2023,Corbin Burnes,MIL,10,8,0,32,32,193.2,9.29,3.07,1.02,0.244,74.90%,44.10%,12.80%,95.5,3.39,3.38,3.81,3.8,3.4
20,2023,Luis Castillo,SEA,14,9,0,33,33,197,10.01,2.56,1.28,0.267,77.00%,38.90%,12.70%,96.4,3.34,3.82,3.81,3.81,3.4
21,2023,Kodai Senga,NYM,12,7,0,29,29,166.1,10.93,4.17,0.92,0.277,80.40%,44.70%,11.60%,95.9,2.98,3.87,3.63,3.77,3.4
22,2023,Justin Verlander,2 Tms,13,8,0,27,27,162.1,7.98,2.49,1,0.265,76.90%,35.50%,8.50%,94.4,3.22,3.63,3.85,4.56,3.3
23,2023,Tarik Skubal,DET,7,3,0,15,15,80.1,11.43,1.57,0.45,0.289,67.70%,51.60%,6.80%,95.8,2.8,2.3,2,2.56,3.3
24,2023,Mitch Keller,PIT,13,9,0,32,32,194.1,9.73,2.55,1.16,0.31,71.70%,43.70%,13.50%,95.3,4.21,4.18,3.8,3.7,3.3
25,2023,Merrill Kelly,ARI,12,8,0,30,30,177.2,9.47,3.5,1.01,0.278,77.10%,45.20%,12.80%,92.3,3.29,4.13,3.85,3.83,3.2
26,2023,Logan Gilbert,SEA,13,7,0,32,32,190.2,8.92,1.7,1.37,0.272,75.10%,41.40%,13.30%,95.8,3.73,3.69,3.85,3.76,3.2
27,2023,Tyler Glasnow,TBR,10,7,0,21,21,120,12.15,2.78,0.98,0.294,70.00%,51.20%,14.40%,96.5,3.53,3.55,2.91,2.75,3.2
28,2023,Miles Mikolas,STL,9,13,0,35,35,201.1,6.12,1.74,1.16,0.308,68.90%,38.80%,9.80%,93.5,4.78,5.44,4.27,4.76,3.1
29,2023,Freddy Peralta,MIL,12,10,0,30,30,165.2,11.41,2.93,1.41,0.273,73.70%,41.70%,16.00%,94.4,3.86,3.35,3.85,3.42,3
30,2023,Tanner Bibee,CLE,10,4,0,25,25,142,8.94,2.85,0.82,0.286,80.00%,36.80%,8.00%,95,2.98,3.69,3.52,4.22,3
31,2023,Eduardo Rodriguez,DET,13,9,0,26,26,152.2,8.43,2.83,0.88,0.274,75.90%,41.00%,9.70%,92.3,3.3,4.04,3.66,4.06,3
32,2023,José Berríos,TOR,11,12,0,32,32,189.2,8.73,2.47,1.19,0.289,76.40%,41.60%,12.60%,94.3,3.65,4.51,3.99,4.01,3
33,2023,Braxton Garrett,MIA,9,7,0,31,30,159.2,8.79,1.63,1.13,0.302,75.90%,49.10%,15.20%,90.8,3.66,4.58,3.68,3.42,2.9
34,2023,Sandy Alcantara,MIA,7,12,0,28,28,184.2,7.36,2.34,1.07,0.287,69.60%,52.00%,12.90%,98.1,4.14,4.33,4.03,4,2.9
35,2023,Seth Lugo,SDP,8,7,0,26,26,146.1,8.61,2.21,1.17,0.298,76.80%,45.20%,13.30%,93.7,3.57,4.42,3.83,3.76,2.8
36,2023,Bobby Miller,LAD,11,4,0,22,22,124.1,8.61,2.32,0.87,0.277,71.30%,47.70%,10.70%,99.1,3.76,3.4,3.51,3.75,2.8
37,2023,Tanner Scott,MIA,9,5,12,74,0,78,12,2.77,0.35,0.291,76.80%,50.90%,6.40%,96.8,2.31,2.5,2.17,2.66,2.8
38,2023,Félix Bautista,BAL,8,2,33,56,0,61,16.23,3.84,0.59,0.274,84.00%,35.70%,8.50%,100,1.48,2.08,1.88,2.3,2.8
39,2023,Kyle Hendricks,CHC,6,8,0,24,24,137,6.11,1.77,0.85,0.283,67.00%,46.30%,8.50%,87.8,3.74,4.13,3.81,4.42,2.8
40,2023,Marcus Stroman,CHC,10,9,0,27,25,136.2,7.84,3.42,0.59,0.283,65.90%,57.10%,10.20%,92.2,3.95,4.27,3.58,3.79,2.7
41,2023,Charlie Morton,ATL,14,12,0,30,30,163.1,10.08,4.57,0.77,0.321,77.60%,43.30%,9.40%,95,3.64,4.64,3.87,4.27,2.7
42,2023,Chris Bassitt,TOR,16,8,0,33,33,200,8.37,2.66,1.26,0.274,76.50%,42.30%,13.20%,92.5,3.6,4.04,4.28,4.21,2.6
43,2023,Michael Wacha,SDP,14,4,0,24,24,134.1,8.31,2.88,1,0.266,79.70%,34.50%,9.10%,92.3,3.22,4.27,3.89,4.47,2.6
44,2023,Yusei Kikuchi,TOR,11,6,0,32,32,167.2,9.72,2.58,1.45,0.314,77.60%,39.70%,15.30%,95.1,3.86,4.3,4.12,3.77,2.6
45,2023,Kyle Gibson,BAL,15,9,0,33,33,192,7.36,2.58,1.08,0.309,69.70%,48.90%,12.70%,92.2,4.73,4.8,4.13,4.13,2.6
46,2023,Aaron Civale,2 Tms,7,5,0,23,23,122.1,8.53,2.43,0.88,0.287,76.80%,39.00%,9.00%,91.9,3.46,3.69,3.57,4.1,2.5
47,2023,Reid Detmers,LAA,4,10,0,28,28,148.2,10.17,3.63,1.15,0.318,71.00%,36.70%,11.70%,94.3,4.48,4.55,4.13,4.27,2.5
48,2023,Nathan Eovaldi,TEX,12,5,0,25,25,144,8.25,2.94,0.94,0.271,74.50%,51.00%,12.00%,95.3,3.63,3.98,3.88,3.96,2.5
49,2023,Taijuan Walker,PHI,15,6,0,31,31,172.2,7.19,3.7,1.04,0.272,71.40%,44.60%,10.60%,93.1,4.38,4.39,4.53,4.83,2.5
50,2023,Kutter Crawford,BOS,6,8,0,31,23,129.1,9.39,2.51,1.18,0.269,71.70%,34.90%,9.90%,93.8,4.04,3.25,3.83,4.32,2.4
51,2023,Ranger Suárez,PHI,4,6,0,22,22,125,8.57,3.46,0.94,0.324,74.60%,48.50%,11.50%,93.4,4.18,4.36,3.9,4.05,2.4
52,2023,Yu Darvish,SDP,8,10,0,24,24,136.1,9.31,2.84,1.19,0.319,71.30%,41.60%,13.50%,94.8,4.56,3.82,4.03,3.92,2.4
53,2023,Shohei Ohtani,LAA,10,5,0,23,23,132,11.39,3.75,1.23,0.239,80.30%,45.50%,16.70%,96.7,3.14,3.82,4,3.58,2.4
54,2023,Bailey Ober,MIN,8,6,0,26,26,144.1,9.1,1.81,1.37,0.276,79.10%,34.30%,11.30%,91.4,3.43,3.63,3.96,4.2,2.4
55,2023,Patrick Sandoval,LAA,7,13,0,28,28,144.2,7.96,4.6,0.75,0.306,65.00%,46.60%,9.10%,93,4.11,4.73,4.18,4.61,2.3
56,2023,Clayton Kershaw,LAD,13,5,0,24,24,131.2,9.36,2.73,1.3,0.25,89.40%,47.50%,16.80%,90.9,2.46,3.77,4.03,3.57,2.3
57,2023,David Bednar,PIT,3,3,39,66,0,67.1,10.69,2.81,0.4,0.294,75.60%,39.40%,3.80%,96.6,2,2.84,2.53,3.86,2.3
58,2023,Mike Clevinger,CHW,9,9,0,24,24,131.1,7.54,2.74,1.1,0.281,77.20%,30.90%,8.20%,94.6,3.77,4.1,4.28,5.15,2.2
59,2023,Cole Ragans,2 Tms,7,5,0,29,12,96,10.59,3.84,0.66,0.275,70.70%,44.00%,8.20%,96.6,3.47,3.33,3.19,3.71,2.2
60,2023,Joe Ryan,MIN,11,10,0,29,29,161.2,10.97,1.89,1.78,0.305,74.60%,31.60%,14.90%,92.3,4.51,3.53,4.13,3.76,2.2
61,2023,Michael King,NYY,4,8,6,49,9,104.2,10.92,2.75,0.86,0.304,81.10%,42.80%,10.60%,94.8,2.75,3.48,3.13,3.37,2.2
62,2023,Max Scherzer,2 Tms,13,6,0,27,27,152.2,10.26,2.65,1.65,0.265,81.00%,33.20%,14.60%,93.9,3.77,3.28,4.32,4.02,2.2
63,2023,Andrew Abbott,CIN,8,6,0,21,21,109.1,9.88,3.62,1.32,0.302,79.90%,28.60%,10.70%,92.6,3.87,3.93,4.2,4.56,2.2
64,2023,Dane Dunning,TEX,12,7,0,35,26,172.2,7.3,2.87,1.04,0.288,77.50%,46.30%,11.80%,90.7,3.7,4.48,4.27,4.39,2.1
65,2023,Chris Sale,BOS,6,5,0,20,20,102.2,10.96,2.54,1.31,0.29,69.90%,37.30%,13.30%,94.1,4.3,3.61,3.8,3.72,2.1
66,2023,Joe Musgrove,SDP,10,3,0,17,17,97.1,8.97,1.94,0.92,0.305,80.20%,45.00%,11.20%,93.2,3.05,3.11,3.52,3.7,2.1
67,2023,Matt Brash,SEA,9,4,4,78,0,70.2,13.63,3.69,0.38,0.38,77.20%,46.10%,5.30%,98.2,3.06,3.25,2.26,3.05,2.1
68,2023,Shane Bieber,CLE,6,6,0,21,21,128,7.52,2.39,0.98,0.293,74.30%,47.20%,12.00%,91.6,3.8,4.83,3.87,3.96,2.1
69,2023,Matt Strahm,PHI,9,5,2,56,10,87.2,11.09,2.16,1.13,0.274,75.70%,33.00%,10.90%,93.6,3.29,3.16,3.24,3.52,2
70,2023,Steven Matz,STL,4,7,0,25,17,105,8.4,2.74,0.94,0.318,74.50%,44.60%,11.00%,,3.86,3.87,3.75,3.96,2
71,2023,Hunter Greene,CIN,4,7,0,22,22,112,12.21,3.86,1.53,0.339,72.70%,34.40%,14.30%,98.6,4.82,3.82,4.25,4,2
72,2023,Bryce Miller,SEA,8,7,0,25,25,131.1,8.15,1.78,1.23,0.289,70.60%,33.50%,10.70%,95.1,4.32,4.86,3.98,4.31,1.9
73,2023,Cristian Javier,HOU,10,5,0,31,31,162,8.83,3.44,1.39,0.272,71.80%,25.60%,9.80%,92.8,4.56,4.42,4.58,5.16,1.9
74,2023,Brady Singer,KCR,8,11,0,29,29,159.2,7.5,2.76,1.13,0.329,64.90%,49.50%,12.80%,92.5,5.52,4.96,4.29,4.28,1.9
75,2023,Camilo Doval,SFG,6,6,39,69,0,67.2,11.57,3.46,0.4,0.306,65.60%,52.20%,6.30%,,2.93,2.91,2.77,3.36,1.9
76,2023,Max Fried,ATL,8,1,0,14,14,77.2,9.27,2.09,0.81,0.309,82.30%,57.70%,13.20%,94.2,2.55,2.73,3.14,3.1,1.9
77,2023,Nick Pivetta,BOS,10,9,1,38,16,142.2,11.54,3.15,1.45,0.268,72.50%,36.40%,15.90%,94.7,4.04,3.98,3.96,3.55,1.9
78,2023,Jon Gray,TEX,9,8,0,29,29,157.1,8.12,3.09,1.26,0.296,75.60%,40.00%,13.50%,95.7,4.12,4.48,4.47,4.36,1.8
79,2023,Bryce Elder,ATL,12,4,0,31,31,174.2,6.6,3.25,0.98,0.274,74.40%,49.90%,12.10%,90.9,3.81,4.61,4.42,4.49,1.8
80,2023,Grayson Rodriguez,BAL,7,4,0,23,23,122,9.52,3.1,1.18,0.322,72.20%,47.20%,13.90%,97.4,4.35,4.21,3.93,3.78,1.8
81,2023,Griffin Canning,LAA,7,8,0,24,22,127,9.85,2.55,1.56,0.296,76.20%,42.70%,16.10%,94.6,4.32,4.01,4.29,3.82,1.8
82,2023,Johan Oviedo,PIT,9,14,0,32,32,177.2,8,4.2,0.96,0.28,72.10%,44.90%,10.00%,95.8,4.31,4.61,4.49,4.87,1.8
83,2023,Cristopher Sánchez,PHI,3,5,0,19,18,99.1,8.7,1.45,1.45,0.272,74.50%,57.00%,22.20%,,3.44,3.74,3.99,3.09,1.8
84,2023,Devin Williams,MIL,8,3,36,61,0,58.2,13.35,4.3,0.61,0.198,85.00%,47.80%,11.10%,94.2,1.53,2.67,2.66,2.79,1.8
85,2023,Clarke Schmidt,NYY,9,9,0,33,32,159,8.43,2.6,1.36,0.313,70.20%,43.80%,13.10%,,4.64,4.33,4.42,4.36,1.8
86,2023,Shane McClanahan,TBR,11,2,0,21,21,115,9.47,3.21,1.17,0.274,81.70%,43.60%,13.30%,97,3.29,4.13,3.92,3.84,1.8
87,2023,Brandon Williamson,CIN,5,5,0,23,23,117,7.54,3,1.38,0.278,70.20%,37.40%,12.20%,92.8,4.46,4.77,4.63,4.72,1.8
88,2023,Hunter Brown,HOU,11,13,0,31,29,155.2,10.29,3.18,1.5,0.33,68.80%,52.40%,21.00%,95.7,5.09,4.27,4.37,3.52,1.8
89,2023,Alex Cobb,SFG,7,7,0,28,28,151.1,7.79,2.2,1.13,0.318,76.40%,57.60%,18.30%,95.1,3.87,4.73,4.01,3.51,1.8
90,2023,Aroldis Chapman,2 Tms,6,5,6,61,0,58.1,15.89,5.55,0.62,0.314,73.10%,47.70%,11.80%,99.1,3.09,2.82,2.52,2.59,1.8
91,2023,Jack Flaherty,2 Tms,8,9,0,29,27,144.1,9.23,4.12,1.06,0.356,72.60%,42.70%,12.70%,93.2,4.99,5.06,4.36,4.36,1.8
92,2023,Adrian Houser,MIL,8,5,0,23,21,111.1,7.76,2.75,1.05,0.32,72.60%,46.70%,10.60%,93.4,4.12,4.21,3.99,4.3,1.8
93,2023,Emmanuel Clase,CLE,3,9,44,75,0,72.2,7.93,1.98,0.5,0.295,60.50%,55.00%,7.30%,,3.22,3.04,2.91,3.45,1.7
94,2023,Alexis Díaz,CIN,9,6,37,71,0,67.1,11.5,4.81,0.53,0.267,71.10%,38.00%,6.80%,94.7,3.07,3.4,3.52,4.2,1.7
95,2023,Josh Hader,SDP,2,3,33,61,0,56.1,13.58,4.79,0.48,0.264,88.80%,35.50%,5.80%,,1.28,2.34,2.69,3.52,1.7
96,2023,Michael Lorenzen,2 Tms,9,9,1,29,25,153,6.53,2.76,1.18,0.266,69.80%,41.00%,11.30%,94.5,4.18,4.55,4.46,4.68,1.7
97,2023,Yennier Cano,BAL,1,4,8,72,0,72.2,8.05,1.61,0.5,0.283,81.00%,58.00%,10.30%,96.5,2.11,3.28,2.84,3.01,1.7
98,2023,Logan Allen,CLE,7,8,0,24,24,125.1,8.55,3.45,1.15,0.314,78.80%,42.70%,12.00%,91.6,3.81,4.42,4.19,4.28,1.7
99,2023,Josiah Gray,WSN,8,13,0,30,30,159,8.09,4.53,1.25,0.293,80.40%,37.80%,11.50%,93.6,3.91,5.03,4.93,5.12,1.6
100,2023,Fernando Cruz,CIN,1,2,0,58,2,66,13.36,3.82,0.82,0.317,58.40%,31.50%,8.10%,94.4,4.91,3.45,2.83,3.5,1.6
101,2023,Brayan Bello,BOS,12,11,0,28,28,157,7.57,2.58,1.38,0.306,76.20%,56.20%,17.10%,95.7,4.24,4.18,4.54,4.02,1.6
102,2023,Jameson Taillon,CHC,8,10,1,30,29,154.1,8.16,2.39,1.57,0.292,64.60%,37.90%,13.40%,93.8,4.84,4.7,4.61,4.49,1.6
103,2023,Gregory Santos,CHW,2,2,5,60,0,66.1,8.95,2.31,0.27,0.337,70.30%,52.50%,4.80%,98.8,3.39,3.16,2.65,3.31,1.6
104,2023,Kenta Maeda,MIN,6,8,0,21,20,104.1,10.09,2.42,1.47,0.293,74.10%,32.60%,13.00%,91,4.23,3.74,4.02,3.98,1.5
105,2023,Clay Holmes,NYY,4,4,24,66,0,63,10.14,3.29,0.29,0.301,74.10%,65.50%,7.10%,97.4,2.86,2.82,2.65,2.97,1.5
106,2023,Paul Blackburn,OAK,4,7,0,21,20,103.2,9.03,3.73,0.95,0.35,73.90%,41.30%,10.00%,92,4.43,4.42,3.96,4.33,1.5
107,2023,Jeff Hoffman,PHI,5,2,1,54,0,52.1,11.87,3.27,0.52,0.226,74.20%,42.60%,6.70%,97.2,2.41,2.52,2.57,3.24,1.5
108,2023,Jason Foley,DET,3,3,7,70,0,69,7.17,1.96,0.26,0.31,76.70%,57.10%,4.20%,98.1,2.61,3.74,2.73,3.51,1.5
109,2023,Adbert Alzolay,CHC,2,5,22,58,0,64,9.42,1.83,0.7,0.288,74.60%,42.20%,8.30%,95.5,2.67,3.61,3.02,3.56,1.5
110,2023,Jose Quintana,NYM,3,6,0,13,13,75.2,7.14,2.85,0.59,0.306,72.00%,41.60%,6.00%,90.4,3.57,4.58,3.52,4.47,1.5
111,2023,Ryan Helsley,STL,3,4,14,33,0,36.2,12.76,4.17,0.25,0.28,75.10%,40.80%,3.30%,99.9,2.45,2.25,2.25,3.24,1.5
112,2023,Chris Martin,BOS,4,1,3,55,0,51.1,8.06,1.4,0.35,0.301,93.60%,51.00%,6.70%,95.9,1.05,3.18,2.44,2.9,1.5
113,2023,Dean Kremer,BAL,13,5,0,32,32,172.2,8.18,2.87,1.41,0.293,75.60%,39.30%,13.90%,94.6,4.12,4.93,4.51,4.34,1.5
114,2023,Bryan Abreu,HOU,3,2,5,72,0,72,12.5,3.88,0.75,0.259,87.60%,37.10%,9.80%,97.6,1.75,3.23,2.98,3.29,1.5
115,2023,Graham Ashcraft,CIN,7,9,0,26,26,145.2,6.86,3.21,1.42,0.292,74.20%,47.80%,16.70%,,4.76,4.96,5.06,4.57,1.5
116,2023,Reese Olson,DET,5,7,0,21,18,103.2,8.94,2.86,1.22,0.255,69.80%,42.80%,13.50%,94.8,3.99,4.73,4.01,3.91,1.5
117,2023,Jake Bird,COL,3,3,0,70,3,89.1,7.76,2.72,0.6,0.333,67.70%,53.00%,8.30%,,4.33,4.48,3.55,4.01,1.5
118,2023,Jacob deGrom,TEX,2,0,0,6,6,30.1,13.35,1.19,0.59,0.266,59.40%,37.90%,6.70%,99.1,2.67,1.87,1.54,2.32,1.5
119,2023,Brandon Woodruff,MIL,5,1,0,11,11,67,9.94,2.01,1.21,0.204,90.30%,36.50%,12.50%,95.9,2.28,2.82,3.6,3.63,1.4
120,2023,A.J. Minter,ATL,3,6,10,70,0,64.2,11.41,2.92,0.84,0.331,71.40%,35.10%,9.10%,96,3.76,3.3,2.9,3.38,1.4
121,2023,Eury Pérez,MIA,5,6,0,19,19,91.1,10.64,3.05,1.48,0.261,83.30%,25.40%,12.00%,97.4,3.15,3.61,4.11,4.24,1.4
122,2023,Drew Rasmussen,TBR,4,2,0,8,8,44.2,9.47,2.22,0.4,0.293,77.40%,52.60%,6.50%,96.2,2.62,2.91,2.54,3.1,1.4
123,2023,Brusdar Graterol,LAD,4,2,7,68,1,67.1,6.42,1.6,0.4,0.26,84.40%,64.40%,6.80%,98.6,1.2,3.06,3.03,3.53,1.4
124,2023,Danny Coulombe,BAL,5,3,2,61,0,51.1,10.17,2.1,0.7,0.306,78.60%,43.70%,7.80%,91.4,2.81,3.09,2.83,3.46,1.4
125,2023,Nick Martinez,SDP,6,4,1,63,9,110.1,8.65,3.26,0.98,0.29,77.50%,53.80%,14.00%,93.5,3.43,3.98,3.92,3.79,1.4
126,2023,Andrew Heaney,TEX,10,6,0,34,28,147.1,9.22,3.67,1.4,0.302,76.90%,40.00%,13.20%,92.5,4.15,4.55,4.66,4.58,1.3
127,2023,Hunter Harvey,WSN,4,4,10,57,0,60.2,9.94,1.93,1.04,0.253,77.20%,43.40%,12.30%,98.4,2.82,3.33,3.29,3.34,1.3
128,2023,Brent Suter,COL,4,3,0,57,2,69.1,7.14,3.25,0.39,0.301,64.20%,46.50%,4.50%,,3.38,3.23,3.44,4.48,1.3
129,2023,Pete Fairbanks,TBR,2,4,25,49,0,45.1,13.5,3.97,0.6,0.258,78.60%,48.90%,11.10%,99,2.58,2.62,2.7,2.83,1.3
130,2023,José Alvarado,PHI,0,2,10,42,0,41.1,13.94,3.92,0.65,0.31,75.30%,53.90%,13.60%,99.1,1.74,2.75,2.41,2.34,1.3
131,2023,Tim Mayza,TOR,3,1,1,69,0,53.1,8.94,2.53,0.34,0.331,88.40%,58.20%,7.10%,,1.52,3.38,2.6,2.98,1.3
132,2023,Caleb Ferguson,LAD,7,4,3,68,7,60.1,10.44,3.43,0.6,0.364,72.70%,49.10%,9.10%,95.9,3.43,3.85,3.34,3.68,1.3
133,2023,Shawn Armstrong,TBR,1,0,0,39,6,52,9.35,1.9,0.35,0.25,80.90%,38.40%,3.60%,94.6,1.38,2.65,2.54,3.82,1.3
134,2023,Kevin Ginkel,ARI,9,1,4,60,0,65.1,9.64,3.17,0.41,0.244,68.00%,50.30%,5.70%,95.7,2.48,3.11,2.86,3.6,1.3
135,2023,J.P. France,HOU,11,6,0,24,23,136.1,6.67,3.1,1.25,0.289,76.70%,42.80%,11.80%,93,3.83,4.86,4.66,4.8,1.3
136,2023,Andrés Muñoz,SEA,4,7,13,52,0,49,12.31,4.04,0.37,0.33,73.20%,59.00%,7.10%,99.2,2.94,2.97,2.7,3.12,1.3
137,2023,MacKenzie Gore,WSN,7,10,0,27,27,136.1,9.97,3.76,1.78,0.309,78.50%,38.80%,18.20%,95.1,4.42,5.2,4.89,4.11,1.3
138,2023,Dustin May,LAD,4,1,0,9,9,48,6.38,3,0.19,0.209,72.40%,45.20%,2.10%,97.6,2.63,3.4,3.23,4.58,1.2
139,2023,Jordan Romano,TOR,5,7,36,59,0,59,10.98,3.66,0.92,0.292,82.30%,36.50%,9.00%,96.7,2.9,3.25,3.46,4.01,1.2
140,2023,Julio Urías,LAD,11,8,0,21,21,117.1,8.97,1.84,1.84,0.283,74.70%,37.10%,16.10%,92.9,4.6,4.16,4.69,4.13,1.2
141,2023,Tanner Houck,BOS,6,10,0,21,21,106,8.41,3.48,1.19,0.297,68.50%,53.00%,16.10%,94.1,5.01,4.21,4.43,4.07,1.2
142,2023,JoJo Romero,STL,4,2,3,27,0,36.2,10.31,2.45,0.25,0.301,59.60%,59.10%,5.60%,95.3,3.68,2.82,2.22,2.68,1.2
143,2023,Evan Phillips,LAD,2,4,24,62,0,61.1,9.68,1.91,0.88,0.219,76.80%,42.70%,10.90%,96.5,2.05,3.11,3.16,3.37,1.2
144,2023,Justin Lawrence,COL,4,7,11,69,0,75,9.36,4.32,0.6,0.3,70.30%,48.50%,8.10%,,3.72,3.74,3.76,4.26,1.2
145,2023,Kyle Freeland,COL,6,14,0,29,29,155.2,5.43,2.43,1.68,0.309,70.80%,40.00%,13.70%,89,5.03,5.7,5.3,5.13,1.2
146,2023,Kevin Kelly,TBR,5,2,1,57,0,67,7.52,2.01,0.27,0.264,67.80%,47.70%,3.10%,91.8,3.09,3.3,3.09,4.28,1.2
147,2023,Joel Payamps,MIL,7,5,3,69,0,70.2,9.81,2.17,1.02,0.272,81.10%,45.90%,11.40%,95.5,2.55,3.23,3.48,3.65,1.2
148,2023,Griffin Jax,MIN,6,10,4,71,0,65.1,9.37,2.62,0.69,0.298,68.90%,55.60%,9.40%,96.5,3.86,2.86,3.22,3.57,1.2
149,2023,David Robertson,2 Tms,6,6,18,62,0,65.1,10.74,3.44,0.96,0.295,74.40%,43.10%,10.40%,,3.03,3.25,3.55,3.85,1.2
150,2023,Sam Moll,2 Tms,2,3,1,70,1,62.1,9.82,4.33,0.29,0.28,76.40%,51.20%,3.80%,94.2,3.03,2.84,3.27,4.23,1.2
151,2023,Will Vest,DET,2,1,2,48,4,48.1,10.43,2.42,0.56,0.291,71.70%,45.00%,6.40%,95.4,2.98,3.14,2.55,3.35,1.2
152,2023,Emilio Pagán,MIN,5,2,1,66,1,69.1,8.44,2.73,0.65,0.221,68.30%,31.50%,5.30%,95.8,2.99,3.66,3.27,4.57,1.1
153,2023,Chris Stratton,2 Tms,2,1,1,64,0,82.2,8.82,2.72,0.87,0.275,67.20%,38.60%,7.70%,93.2,3.92,3.58,3.53,4.36,1.1
154,2023,Tyler Anderson,LAA,6,6,0,27,25,141,7.6,4.09,1.28,0.301,67.20%,30.90%,9.60%,90.2,5.43,4.96,4.92,5.52,1.1
155,2023,Dylan Floro,2 Tms,5,6,7,62,0,56.2,9.21,2.7,0.48,0.401,65.30%,54.40%,8.60%,92.3,4.76,3.35,2.96,3.29,1.1
156,2023,Ryan Brasier,2 Tms,3,0,2,59,0,59.2,8.45,2.87,0.45,0.248,66.90%,43.80%,5.40%,96,3.02,3.55,3.14,4.04,1.1
157,2023,Gavin Williams,CLE,3,5,0,16,16,82,8.89,4.06,0.88,0.27,78.30%,38.10%,9.20%,95.8,3.29,4.21,4.05,4.53,1.1
158,2023,Will Smith,TEX,2,7,22,60,0,57.1,8.63,2.67,0.78,0.262,55.60%,29.60%,6.90%,92.4,4.4,3.35,3.36,4.3,1.1
159,2023,Craig Kimbrel,PHI,8,6,23,71,0,69,12.26,3.65,1.3,0.239,77.40%,33.60%,14.50%,96,3.26,3.28,3.81,3.58,1.1
160,2023,Ian Hamilton,NYY,3,2,2,39,3,58,10.71,4.03,0.31,0.309,77.30%,55.30%,6.50%,96.3,2.64,3.5,2.82,3.26,1.1
161,2023,Sean Manaea,SFG,7,6,1,37,10,117.2,9.79,3.21,1.07,0.293,64.00%,40.90%,11.90%,93.6,4.44,4.21,3.9,4.01,1.1
162,2023,Jordan Hicks,2 Tms,3,9,12,65,0,65.2,11.1,4.39,0.55,0.323,72.10%,58.30%,10.80%,100.3,3.29,3.33,3.22,3.36,1.1
163,2023,Justin Topa,SEA,5,4,3,75,0,69,7.96,2.35,0.52,0.295,73.30%,56.70%,8.30%,,2.61,2.97,3.15,3.55,1.1
164,2023,Colin Poche,TBR,12,3,1,66,0,60.2,9.05,3.56,0.59,0.244,81.40%,34.00%,5.30%,92.7,2.23,2.65,3.34,4.55,1.1
165,2023,Zack Littell,2 Tms,3,6,0,28,14,90,7.4,1.2,1.3,0.293,73.00%,42.50%,11.90%,94.1,4.1,4.24,4.02,4.15,1.1
166,2023,Kenley Jansen,BOS,3,6,29,51,0,44.2,10.48,3.43,1.01,0.313,73.10%,22.60%,7.70%,,3.63,3.16,3.66,4.61,1.1
167,2023,Sam Hentges,CLE,3,2,0,56,0,52.1,9.63,3.1,0.34,0.347,68.90%,58.80%,7.40%,95.7,3.61,4.13,2.64,3,1.1
168,2023,Zack Thompson,STL,5,7,0,25,9,66.1,9.77,3.39,1.09,0.339,71.90%,44.00%,13.10%,93.9,4.48,4.61,3.87,3.83,1.1
169,2023,Zack Greinke,KCR,2,15,0,30,27,142.1,6.13,1.45,1.58,0.3,68.70%,43.10%,14.80%,89.7,5.06,5.1,4.74,4.42,1.1
170,2023,Ryan Pressly,HOU,4,5,31,65,0,65.1,10.19,2.2,1.1,0.272,63.60%,54.80%,14.80%,94.7,3.58,3.61,3.36,3.14,1.1
171,2023,Wade Miley,MIL,9,4,0,23,23,120.1,5.91,2.84,1.2,0.234,81.60%,46.30%,11.70%,90.5,3.14,4.33,4.69,4.85,1.1
172,2023,David Peterson,NYM,3,8,0,27,21,111,10.38,4.05,1.3,0.37,73.60%,54.60%,21.10%,92.9,5.03,4.96,4.34,3.59,1
173,2023,Dauri Moreta,PIT,5,2,1,55,0,58,11.79,3.72,0.62,0.265,66.20%,39.60%,6.60%,95.3,3.72,3.02,2.93,3.77,1
174,2023,Edward Cabrera,MIA,7,7,0,22,20,99.2,10.66,5.96,0.99,0.285,75.40%,54.30%,13.90%,96.3,4.24,3.77,4.43,4.3,1
175,2023,James Paxton,BOS,7,5,0,19,19,96,9.47,3.09,1.69,0.292,74.90%,42.60%,17.80%,95.3,4.5,3.77,4.68,3.98,1
176,2023,Raisel Iglesias,ATL,5,4,33,58,0,55.2,10.99,2.43,1.13,0.312,76.50%,42.90%,12.30%,95.1,2.75,3.16,3.26,3.31,1
177,2023,Jhoan Duran,MIN,3,6,27,59,0,62.1,12.13,3.61,0.87,0.294,75.10%,65.90%,20.00%,101.8,2.45,2.6,3.21,2.75,1
178,2023,Yimi García,TOR,3,4,3,73,0,66,10.77,2.05,1.09,0.339,69.00%,45.50%,15.10%,95.9,4.09,3.48,3.39,3.14,1
179,2023,Hoby Milner,MIL,2,1,0,73,0,64.1,8.25,1.82,0.7,0.254,84.20%,50.90%,8.30%,89,1.82,2.95,3.13,3.66,1
180,2023,Scott Barlow,2 Tms,2,6,13,63,0,68,10.46,4.5,0.53,0.322,64.60%,42.90%,7.00%,93.2,4.37,3.77,3.42,4.04,1
181,2023,Trevor Gott,2 Tms,0,5,1,64,0,58,9.62,2.95,0.62,0.343,64.70%,40.20%,6.20%,93.6,4.19,3.48,3.2,4.16,1
182,2023,Bryan Woo,SEA,4,5,0,18,18,87.2,9.55,3.18,1.33,0.273,72.80%,40.30%,13.40%,95.2,4.21,3.48,4.36,4.26,1
183,2023,Lucas Giolito,3 Tms,8,15,0,33,33,184.1,9.96,3.56,2,0.274,72.80%,36.20%,17.70%,93.3,4.88,4.61,5.27,4.45,1
184,2023,Anthony DeSclafani,SFG,4,8,0,19,18,99.2,7.13,1.81,1.35,0.299,64.80%,41.50%,14.20%,93.3,4.88,5.2,4.35,4.15,1
185,2023,Tyler Holton,DET,3,2,1,59,1,85.1,7.8,1.9,0.95,0.212,86.50%,45.60%,11.10%,91.6,2.11,3.5,3.56,3.76,1
186,2023,Drew Smyly,CHC,11,11,0,41,23,142.1,8.92,3.54,1.64,0.305,69.50%,34.80%,14.20%,,5,4.13,4.96,4.71,0.9
187,2023,Austin Gomber,COL,9,9,0,27,27,139,5.63,2.78,1.68,0.311,70.30%,41.60%,14.90%,90.8,5.5,5.74,5.43,5.08,0.9
188,2023,Robert Stephenson,2 Tms,3,4,1,60,0,52.1,13.24,2.75,1.38,0.22,74.70%,34.60%,15.70%,96.9,3.1,2.73,3.22,2.84,0.9
189,2023,Gregory Soto,PHI,3,4,3,69,0,60.1,9.7,3.28,0.9,0.265,59.10%,51.30%,10.70%,98.9,4.62,2.79,3.59,3.83,0.9
190,2023,Trevor Stephan,CLE,7,7,2,71,0,68.2,9.83,3.41,0.79,0.313,68.90%,41.60%,7.90%,95.1,4.06,4.55,3.56,4.25,0.9
191,2023,Patrick Corbin,WSN,10,15,0,32,32,180,6.2,2.85,1.65,0.309,70.30%,44.20%,16.30%,91.8,5.2,6.16,5.28,4.76,0.9
192,2023,Javier Assad,CHC,5,3,0,32,10,109.1,7.74,3.37,1.07,0.268,83.30%,46.90%,12.30%,93.2,3.05,4.64,4.29,4.35,0.9
193,2023,Carlos Estévez,LAA,5,5,31,63,0,62.1,11.26,4.48,1.01,0.344,72.60%,30.70%,9.00%,97.1,3.9,4.07,3.94,4.55,0.9
194,2023,Ryan Feltner,COL,2,4,0,10,10,43.1,7.89,5.82,0.42,0.328,63.70%,43.60%,4.40%,95.1,5.82,4.64,4.18,5.3,0.9
195,2023,Colin Holderman,PIT,0,3,2,58,0,56,9.32,3.21,0.64,0.327,72.80%,52.80%,8.70%,,3.86,3.61,3.29,3.72,0.9
196,2023,Erik Swanson,TOR,4,2,4,69,0,66.2,10.12,2.83,1.08,0.278,82.50%,39.60%,10.70%,93.7,2.97,3.04,3.51,3.81,0.9
197,2023,Ian Gibaut,CIN,8,4,3,74,0,75.2,8.21,3.33,0.95,0.292,75.70%,39.90%,10.00%,95.3,3.33,3.74,4.07,4.45,0.9
198,2023,José Leclerc,TEX,0,2,4,57,0,57,10.58,4.42,0.79,0.244,80.00%,29.40%,6.50%,95.1,2.68,3.16,3.62,4.72,0.9
199,2023,Domingo Germán,NYY,5,7,0,20,19,108.2,9.44,2.82,1.66,0.233,65.30%,39.40%,17.10%,92.4,4.56,4.3,4.65,4.04,0.9
200,2023,Julian Merryweather,CHC,5,1,2,69,0,72,12.25,4.5,1,0.313,80.00%,40.70%,11.90%,98.2,3.38,3.71,3.52,3.61,0.9
201,2023,Nick Anderson,ATL,4,0,1,35,0,35.1,9.17,2.29,0.76,0.29,71.80%,41.70%,7.90%,94.4,3.06,3.63,3.09,3.76,0.9
202,2023,A.J. Puk,MIA,7,5,15,58,0,56.2,12.39,2.06,1.59,0.317,72.70%,44.20%,16.90%,95.9,3.97,3.04,3.59,3.02,0.9
203,2023,Matthew Boyd,DET,5,5,0,15,15,71,9.25,3.17,1.39,0.302,62.00%,38.80%,12.60%,91.6,5.45,4.24,4.35,4.37,0.9
204,2023,Joe Kelly,2 Tms,2,5,1,42,0,39.1,13.73,4.12,0.69,0.306,60.30%,58.00%,14.30%,99.2,4.12,2.88,2.72,2.61,0.9
205,2023,Paul Sewald,2 Tms,3,2,34,65,0,60.2,11.87,3.56,1.19,0.279,80.30%,32.10%,11.40%,92.3,3.12,2.75,3.57,3.76,0.9
206,2023,Brock Stewart,MIN,2,0,1,28,0,27.2,12.69,3.58,0.33,0.316,98.00%,36.80%,4.20%,97.4,0.65,2.42,2.21,3.17,0.9
207,2023,Héctor Neris,HOU,6,3,2,71,0,68.1,10.14,4.08,0.92,0.219,90.50%,31.80%,8.60%,93.1,1.71,3.33,3.83,4.45,0.8
208,2023,Trevor Megill,MIL,1,0,0,31,2,34.2,13.5,3.12,0.52,0.407,75.20%,30.50%,5.40%,99.1,3.63,3.23,2.13,3.14,0.8
209,2023,Andrew Nardi,MIA,8,1,3,63,0,57.1,11.46,3.3,1.1,0.288,86.40%,43.80%,14.00%,94.6,2.67,2.77,3.6,3.46,0.8
210,2023,Ryan Yarbrough,2 Tms,8,7,2,25,9,89.2,6.72,1.41,1.3,0.302,73.20%,39.10%,11.10%,87.1,4.52,4.39,4.38,4.65,0.8
211,2023,Lucas Erceg,OAK,4,4,0,50,0,55,11.13,5.89,0.16,0.357,65.50%,46.10%,2.00%,98,4.75,3.69,3.31,4.55,0.8
212,2023,Garrett Whitlock,BOS,5,5,1,22,10,71.2,9.04,1.63,1.63,0.34,68.90%,44.20%,16.50%,,5.15,4.61,4.27,3.74,0.8
213,2023,Nestor Cortes,NYY,5,2,0,12,12,63.1,9.52,2.84,1.56,0.291,69.10%,26.30%,11.00%,91.7,4.97,3.66,4.49,4.84,0.8
214,2023,Zach Davies,ARI,2,5,0,18,18,82.1,7.87,4.26,1.09,0.346,57.60%,44.30%,11.20%,89.3,7,5.48,4.58,4.79,0.8
215,2023,Josh Winckowski,BOS,4,4,3,60,1,84.1,8.75,3.31,0.96,0.331,80.60%,51.20%,12.90%,96.2,2.88,3.82,3.91,3.89,0.8
216,2023,Matthew Liberatore,STL,3,6,0,22,11,61.2,6.71,3.65,0.73,0.314,60.70%,43.40%,7.50%,94.3,5.25,6,4.28,5.02,0.8
217,2023,Aaron Bummer,CHW,5,5,0,61,0,58.1,12.03,5.55,0.62,0.34,55.40%,58.20%,13.80%,94.7,6.79,3.58,3.58,3.51,0.8
218,2023,Reynaldo López,3 Tms,3,7,6,68,0,66,11.32,4.64,1.09,0.276,81.30%,39.20%,11.60%,98.4,3.27,4.01,3.91,4.06,0.8
219,2023,Colin Rea,MIL,6,6,0,26,22,124.2,7.94,2.74,1.66,0.254,72.60%,43.80%,16.90%,93.1,4.55,4.42,4.9,4.3,0.8
220,2023,Taj Bradley,TBR,5,8,0,23,21,104.2,11.09,3.35,1.98,0.31,67.70%,36.60%,19.20%,96.2,5.59,4.48,4.79,3.83,0.8
221,2023,Jake Irvin,WSN,3,7,0,24,24,121,7.36,4.02,1.49,0.281,75.00%,42.80%,13.80%,94.5,4.61,5.13,5.3,5.14,0.8
222,2023,Lucas Sims,CIN,7,3,3,67,0,61,10.62,5.75,0.74,0.212,78.70%,23.10%,6.10%,94.3,3.1,3.82,4.37,5.53,0.8
223,2023,Michael Grove,LAD,2,3,0,18,12,69,9.52,2.48,1.57,0.364,65.80%,39.10%,15.80%,94.8,6.13,5,4.36,3.92,0.8
224,2023,Jesse Chavez,ATL,1,0,1,36,1,34.2,10.13,3.12,0.52,0.273,81.20%,51.70%,8.70%,,1.56,3.58,3.05,3.4,0.7
225,2023,Brennan Bernardino,BOS,2,1,0,55,6,50.2,10.3,3.2,0.71,0.338,79.80%,50.40%,11.10%,90,3.2,4.07,3.41,3.56,0.7
226,2023,Ryne Nelson,ARI,8,8,0,29,27,144,6,2.88,1.5,0.299,69.00%,36.70%,11.50%,94.4,5.31,5.27,5.07,5.3,0.7
227,2023,Rich Hill,2 Tms,8,14,0,32,27,146.1,7.93,3.57,1.41,0.321,66.70%,38.00%,13.40%,88.4,5.41,5.66,4.87,4.77,0.7
228,2023,Enyel De Los Santos,CLE,5,2,0,70,0,65.2,8.5,3.43,0.55,0.275,72.20%,40.40%,5.90%,95.8,3.29,4.18,3.48,4.4,0.7
229,2023,Cal Quantrill,CLE,4,7,0,19,19,99.2,5.24,3.16,0.99,0.3,68.30%,40.80%,8.80%,94.1,5.24,5.85,4.79,5.43,0.7
230,2023,Jeffrey Springs,TBR,2,0,0,3,3,16,13.5,2.25,0.56,0.115,100.00%,50.00%,11.10%,92.1,0.56,1.66,1.82,1.94,0.7
231,2023,Jakob Junis,SFG,4,3,1,40,4,86,10.05,2.2,1.26,0.335,74.60%,43.20%,13.30%,94,3.87,3.74,3.74,3.66,0.7
232,2023,Josh Sborz,TEX,6,7,0,44,0,52.1,11.35,2.92,1.38,0.285,56.20%,46.90%,17.80%,96.9,5.5,3.35,3.75,3.19,0.7
233,2023,Osvaldo Bido,PIT,2,5,0,16,9,50.2,8.53,3.73,0.71,0.329,62.50%,35.40%,7.00%,94.6,5.86,4.7,4.1,4.94,0.7
234,2023,Alex Vesia,LAD,2,5,1,56,1,49.2,11.6,3.08,1.27,0.354,71.90%,29.50%,10.10%,94.4,4.35,3.66,3.66,4.12,0.7
235,2023,Pierce Johnson,2 Tms,2,6,13,67,0,62.2,12.93,4.31,1.44,0.361,74.70%,37.20%,18.20%,96.1,4.02,3.9,3.89,3.27,0.7
236,2023,Mason Miller,OAK,0,3,0,10,6,33.1,10.26,4.32,0.54,0.275,69.70%,25.90%,4.80%,98.6,3.78,3.18,3.47,4.77,0.7
237,2023,Luis Garcia,HOU,2,2,0,6,6,27,10.33,3.33,1,0.314,75.50%,26.40%,9.40%,93,4,4.01,3.63,4.14,0.7
238,2023,Tommy Henry,ARI,5,4,0,17,16,89,6.47,3.54,1.21,0.278,76.70%,36.20%,9.80%,90.7,4.15,4.3,4.88,5.4,0.7
239,2023,Vince Velasquez,PIT,4,4,0,8,8,37.1,8.92,3.38,0.96,0.292,76.60%,30.30%,8.50%,93.5,3.86,4.13,3.87,4.56,0.7
240,2023,Joey Lucchesi,NYM,4,0,0,9,9,46.2,6.17,3.28,0.77,0.286,80.10%,45.30%,7.40%,90.6,2.89,5.44,4.22,5.02,0.7
241,2023,Scott Alexander,SFG,7,3,1,55,8,48.1,5.77,2.05,0.37,0.325,57.60%,60.70%,6.50%,,4.66,3.61,3.26,3.78,0.7
242,2023,Nick Ramirez,NYY,1,2,1,32,0,40.2,6.2,1.99,0.22,0.301,68.60%,47.40%,2.20%,90.5,2.66,3.87,2.94,4.45,0.7
243,2023,Pedro Avila,SDP,2,2,0,14,6,50.1,9.66,4.47,0.54,0.301,72.70%,58.80%,10.00%,94.1,3.22,4.04,3.67,3.88,0.6
244,2023,Brooks Raley,NYM,1,2,3,66,0,54.2,10.04,4.12,0.66,0.286,80.70%,43.00%,7.30%,90.2,2.8,3.35,3.68,4.39,0.6
245,2023,Ryan Walker,SFG,5,3,1,49,13,61.1,11.45,3.52,1.17,0.351,81.80%,41.40%,14.50%,,3.23,3.06,3.68,3.47,0.6
246,2023,Matt Moore,3 Tms,5,1,0,50,0,52.2,10.25,2.56,1.2,0.293,88.60%,35.00%,11.30%,94,2.56,3.3,3.73,3.95,0.6
247,2023,Mark Leiter Jr.,CHC,1,3,4,69,0,64.1,10.77,3.36,0.98,0.268,75.50%,45.30%,13.70%,91.4,3.5,4.04,3.77,3.66,0.6
248,2023,Ryan Borucki,PIT,4,0,0,38,2,40.1,7.36,0.89,0.89,0.206,81.00%,46.80%,9.50%,,2.45,3.35,3.5,3.94,0.6
249,2023,JP Sears,OAK,5,14,0,32,32,172.1,8.41,2.77,1.78,0.278,77.30%,29.10%,13.00%,93.2,4.54,4.64,5.15,5.1,0.6
250,2023,Tyler Wells,BAL,7,6,1,25,20,118.2,8.87,2.58,1.9,0.2,82.60%,32.30%,14.60%,92.7,3.64,3.96,4.98,4.63,0.6
251,2023,Matt Manning,DET,5,4,0,15,15,78,5.77,2.42,1.27,0.214,69.40%,38.70%,9.90%,93.4,3.58,5.48,4.81,5.33,0.6
252,2023,Tom Cosgrove,SDP,1,2,1,54,0,51.1,7.71,3.33,0.53,0.209,84.70%,40.70%,4.90%,92.1,1.75,2.67,3.7,4.91,0.6
253,2023,Marco Gonzales,SEA,4,1,0,10,10,50,6.12,3.24,0.9,0.316,62.10%,40.60%,8.90%,89.3,5.22,5.27,4.28,4.83,0.6
254,2023,Gabe Speier,SEA,2,2,1,69,0,54.2,10.54,1.81,1.15,0.305,72.30%,55.90%,20.60%,95.2,3.79,3.5,3.35,2.71,0.6
255,2023,Elvis Peguero,MIL,4,5,1,59,0,61.1,7.92,3.82,0.59,0.274,73.60%,56.00%,9.50%,,3.38,3.79,3.81,4.09,0.6
256,2023,Abner Uribe,MIL,1,0,1,32,0,30.2,11.45,5.87,0,0.239,78.40%,53.00%,0.00%,100.9,1.76,3.5,2.77,3.68,0.6
257,2023,Buck Farmer,CIN,4,5,3,71,0,75,8.4,3.48,1.32,0.241,72.80%,33.30%,11.10%,94,4.2,4.07,4.62,4.89,0.6
258,2023,José Buttó,NYM,1,4,0,9,7,42,8.14,4.93,0.64,0.261,75.30%,42.20%,6.50%,94.2,3.64,3.93,4.02,4.9,0.6
259,2023,Phil Maton,HOU,4,3,1,68,0,66,10.09,3.41,0.82,0.269,75.10%,42.90%,9.00%,,3,3.14,3.74,4.24,0.6
260,2023,Tyler Rogers,SFG,4,5,2,68,0,74,7.3,2.31,0.85,0.268,78.00%,50.50%,9.70%,,3.04,2.73,3.76,4.13,0.6
261,2023,Robert Garcia,2 Tms,2,2,0,25,0,32,9.28,3.37,0.84,0.291,65.10%,46.20%,12.50%,94.2,3.66,3.63,3.54,3.56,0.6
262,2023,Tylor Megill,NYM,9,8,0,25,25,126.1,7.48,4.13,1.28,0.324,71.80%,43.90%,13.00%,95.2,4.7,5.85,4.96,4.92,0.6
263,2023,Jimmy Cordero,NYY,3,2,0,31,1,32.2,9.37,2.76,0.55,0.274,67.30%,55.80%,10.00%,98.7,3.86,3.53,3.07,3.29,0.5
264,2023,Chris Devenski,2 Tms,6,4,0,38,0,42.1,8.93,2.34,1.28,0.265,60.60%,39.30%,12.50%,94,4.46,4.58,3.96,4,0.5
265,2023,Cole Irvin,BAL,1,4,0,24,12,77.1,7.91,2.44,1.28,0.293,70.60%,41.40%,12.40%,92.3,4.42,5.59,4.43,4.49,0.5
266,2023,Shelby Miller,LAD,3,0,1,36,1,42,9,4.07,0.64,0.165,89.40%,37.40%,6.80%,93.6,1.71,3.25,3.68,4.49,0.5
267,2023,James McArthur,KCR,1,0,4,18,2,23.1,8.87,0.77,0.77,0.29,54.50%,58.70%,12.50%,93.4,4.63,2.97,2.78,2.8,0.5
268,2023,Lance Lynn,2 Tms,13,11,0,32,32,183.2,9.36,3.28,2.16,0.292,67.90%,35.60%,19.00%,92.6,5.73,4.86,5.53,4.5,0.5
269,2023,Sawyer Gipson-Long,DET,1,0,0,4,4,20,11.7,3.6,0.9,0.261,78.10%,35.40%,8.70%,93.6,2.7,2.52,3.16,3.76,0.5
270,2023,Kris Bubic,KCR,0,2,0,3,3,16,9,1.13,0.56,0.375,72.80%,52.10%,5.90%,91.8,3.94,4.04,2.63,3.57,0.5
271,2023,Angel Perdomo,PIT,3,2,0,30,0,29,13.66,3.41,0.93,0.321,68.20%,33.90%,11.50%,93.8,3.72,2.75,3.01,3.15,0.5
272,2023,Brad Hand,2 Tms,5,3,1,60,0,53.2,9.89,3.69,1.01,0.333,66.10%,37.10%,12.80%,92.8,5.53,4.61,4.02,4.01,0.5
273,2023,Joe Jiménez,ATL,0,3,0,59,0,56.1,11.66,2.24,1.44,0.3,82.70%,27.90%,12.70%,95.4,3.04,3.79,3.59,3.6,0.5
274,2023,Steven Okert,MIA,3,2,0,64,2,58.2,11.2,3.68,1.38,0.295,71.00%,23.60%,11.80%,93.8,4.45,3.87,4.09,4.24,0.5
275,2023,Andrew Chafin,2 Tms,3,4,8,63,0,51.1,11.05,4.91,1.05,0.31,67.10%,38.50%,12.20%,92.2,4.73,4.36,4.01,4.07,0.5
276,2023,Luis Medina,OAK,3,10,0,23,17,109.2,8.7,4.68,1.15,0.306,65.40%,43.80%,12.60%,96.1,5.42,4.8,4.76,4.77,0.5
277,2023,Mason Thompson,WSN,4,4,1,51,0,54,7.33,3.67,0.67,0.349,64.30%,50.60%,8.00%,94.7,5.5,4.64,4.03,4.6,0.5
278,2023,Allan Winans,ATL,1,2,0,6,6,32.1,9.46,2.23,1.39,0.348,70.00%,45.40%,13.50%,90,5.29,4.24,4.09,3.97,0.5
279,2023,Emmet Sheehan,LAD,4,1,1,13,11,60.1,9.55,3.88,1.64,0.24,69.40%,33.10%,13.10%,95.4,4.92,3.5,4.85,4.78,0.5
280,2023,Alex Faedo,DET,2,5,0,15,12,64.2,8.07,2.78,1.67,0.211,65.10%,36.30%,14.30%,93,4.45,3.82,4.85,4.58,0.5
281,2023,Martín Pérez,TEX,10,4,0,35,20,141.2,5.91,3.11,1.33,0.293,74.30%,45.50%,13.00%,92.1,4.45,4.9,4.99,4.96,0.5
282,2023,Andrew Wantz,LAA,2,0,0,27,3,39.1,7.55,3.43,0.92,0.224,67.70%,29.70%,7.30%,94,3.89,4.04,4.12,5.11,0.5
283,2023,Jalen Beeks,TBR,2,3,1,30,8,42.1,9.99,4.46,0.85,0.319,61.60%,45.10%,8.50%,94.5,5.95,3.61,3.82,4.43,0.5
284,2023,Austin Cox,KCR,0,1,1,24,3,35.2,8.33,4.29,0.5,0.274,61.10%,36.50%,5.30%,91.6,4.54,4.93,3.73,4.76,0.5
285,2023,Zach Jackson,OAK,2,1,1,19,0,18,11.5,5,0.5,0.37,79.00%,26.10%,4.30%,93.6,2.5,3.58,3.09,4.48,0.4
286,2023,Joan Adon,WSN,2,4,0,12,10,51.2,8.36,4.18,1.39,0.331,66.00%,37.40%,13.10%,94.5,6.45,5.59,4.98,4.92,0.4
287,2023,Huascar Brazoban,MIA,5,2,0,50,0,58.2,9.97,4.76,0.77,0.316,74.10%,51.90%,11.10%,96.7,4.14,3.58,3.94,4.1,0.4
288,2023,Tristan Beck,SFG,3,3,2,33,3,85,7.2,2.22,1.06,0.289,71.70%,40.80%,9.60%,94.6,3.92,3.71,4,4.49,0.4
289,2023,Luke Weaver,3 Tms,3,6,0,29,25,123.2,7.93,2.91,2.11,0.331,68.80%,35.50%,18.10%,94.1,6.4,5.55,5.61,4.7,0.4
290,2023,Xzavion Curry,CLE,3,4,0,41,9,95,6.35,2.84,1.14,0.294,73.30%,31.70%,8.60%,92.7,4.07,4.93,4.5,5.27,0.4
291,2023,Austin Pruitt,OAK,2,6,0,38,6,48.1,5.59,2.23,0.93,0.264,78.00%,36.20%,7.70%,91.8,2.98,4.01,4.17,5.04,0.4
292,2023,Michael Fulmer,CHC,3,5,2,58,1,57,10.26,4.42,1.11,0.304,71.90%,38.70%,12.50%,94.3,4.42,4.3,4.15,4.18,0.4
293,2023,Carl Edwards Jr.,WSN,1,3,2,32,0,31.2,6.82,4.83,0.28,0.303,73.50%,46.00%,3.30%,93.8,3.69,4.21,3.86,5.01,0.4
294,2023,Steven Wilson,SDP,1,2,0,52,0,53,9.68,4.58,1.19,0.224,76.10%,25.80%,8.80%,94.6,3.91,3.38,4.52,5.3,0.4
295,2023,Hyun Jin Ryu,TOR,3,3,0,11,11,52,6.58,2.42,1.56,0.272,77.60%,45.60%,16.40%,88.8,3.46,3.85,4.91,4.41,0.4
296,2023,Jake Diekman,2 Tms,0,2,0,63,0,56.2,10.16,6.04,0.48,0.248,65.50%,46.80%,6.00%,95.6,3.34,3.35,3.75,4.52,0.4
297,2023,Eli Morgan,CLE,5,2,1,61,0,67.1,10.02,3.21,1.2,0.337,71.40%,41.90%,12.70%,92.7,4.01,3.96,3.88,3.88,0.4
298,2023,Touki Toussaint,2 Tms,4,7,0,20,16,87,8.79,5.9,1.03,0.262,71.40%,49.80%,13.90%,93.7,4.97,5.37,5,4.88,0.4
299,2023,Keegan Akin,BAL,2,2,0,24,1,23.2,10.27,2.66,0.76,0.434,51.00%,33.80%,6.90%,93.7,6.85,4.77,2.96,3.89,0.4
300,2023,Trevor Richards,TOR,2,1,0,56,3,72.2,13,4.33,1.61,0.313,72.10%,32.00%,15.50%,92.8,4.95,3.55,4.22,3.8,0.4
301,2023,Ryan Pepiot,LAD,2,1,0,8,3,42,8.14,1.07,1.5,0.189,99.20%,36.70%,14.00%,94,2.14,3.23,4.18,3.99,0.4
302,2023,Jhony Brito,NYY,9,7,1,25,13,90.1,7.17,2.79,1.39,0.268,71.00%,44.00%,13.20%,96,4.28,4.55,4.74,4.66,0.4
303,2023,Joe Boyle,OAK,2,0,0,3,3,16,8.44,2.81,0.56,0.179,77.60%,30.00%,4.50%,97.9,1.69,2.25,3.13,4.59,0.4
304,2023,Bryan Shaw,CHW,0,0,4,38,0,45.2,7.88,3.35,0.59,0.29,70.90%,40.20%,5.80%,,4.14,3.87,3.87,4.9,0.4
305,2023,DL Hall,BAL,3,0,0,18,0,19.1,10.71,2.33,0.93,0.314,74.30%,49.00%,11.80%,95.7,3.26,2.97,3,3.11,0.4
306,2023,Kenny Rosenberg,LAA,2,2,0,7,3,33,7.91,3.82,0.82,0.323,78.60%,43.10%,7.50%,90.6,3.82,3.58,4.04,4.87,0.4
307,2023,Miguel Díaz,DET,1,0,0,12,3,14,10.29,3.21,0,0.242,92.30%,39.40%,0.00%,95.2,0.64,2.77,2.04,3.69,0.4
308,2023,Cionel Pérez,BAL,4,2,3,65,0,53.1,7.43,4.56,0.34,0.318,67.70%,60.70%,5.30%,96.9,3.54,3.79,3.84,4.53,0.4
309,2023,Bryan Baker,BAL,4,3,0,46,0,45,10.2,4.8,0.8,0.274,74.40%,34.90%,7.50%,95.8,3.6,3.3,3.81,4.6,0.4
310,2023,José Soriano,LAA,1,3,0,38,0,42,12,4.93,0.86,0.305,71.40%,51.00%,14.80%,98.6,3.64,4.04,3.97,3.79,0.4
311,2023,Bailey Falter,2 Tms,2,9,0,18,14,80.2,6.69,2.23,1.9,0.308,65.40%,40.20%,17.00%,90.9,5.36,4.93,5.25,4.56,0.4
312,2023,Ben Lively,CIN,4,7,0,19,12,88.2,8.02,2.54,2.03,0.297,74.00%,39.60%,18.70%,90.9,5.38,5.03,5.35,4.42,0.4
313,2023,JT Chargois,MIA,1,0,1,46,5,42.1,7.44,3.83,0.64,0.271,73.80%,54.60%,8.30%,95.5,3.61,3.66,3.8,4.28,0.4
314,2023,Chris Murphy,BOS,1,2,1,20,0,47.2,9.25,3.21,0.94,0.321,67.20%,44.70%,10.00%,93.9,4.91,3.63,3.7,4.07,0.4
315,2023,Jason Adam,TBR,4,2,12,56,0,54.1,11.43,3.31,1.16,0.239,79.30%,41.50%,14.30%,94.8,2.98,4.33,3.99,3.81,0.4
316,2023,Victor González,LAD,3,3,0,34,1,33.2,8.02,2.67,0.53,0.278,67.20%,54.30%,8.70%,,4.01,3.21,3.4,3.76,0.4
317,2023,Tyler Mahle,MIN,1,2,0,5,5,25.2,9.82,1.75,1.75,0.266,80.00%,37.70%,16.10%,92.8,3.16,3.23,4.19,3.65,0.4
318,2023,Francisco Pérez,OAK,1,2,0,17,1,16.2,7.56,4.32,0,0.333,53.80%,37.30%,0.00%,92.5,5.94,4.39,3.2,5.08,0.3
319,2023,Luke Jackson,SFG,2,2,0,33,0,33.1,11.61,4.05,0.81,0.284,74.10%,50.60%,10.70%,94.5,2.97,3.3,3.29,3.5,0.3
320,2023,Collin McHugh,ATL,4,1,0,41,1,58.2,7.21,3.37,0.77,0.342,69.70%,43.90%,8.60%,91.3,4.3,5.23,4.09,4.62,0.3
321,2023,Brandon Pfaadt,ARI,3,9,0,19,18,96,8.81,2.44,2.06,0.315,70.00%,32.30%,16.80%,93.6,5.72,4.48,5.18,4.46,0.3
322,2023,Tony Gonsolin,LAD,8,5,0,20,20,103,7.17,3.5,1.66,0.233,67.70%,36.00%,13.80%,92.6,4.98,5.89,5.43,5.25,0.3
323,2023,Bryse Wilson,MIL,6,0,3,53,0,76.2,7.16,2.58,1.06,0.232,81.20%,37.80%,9.20%,93.7,2.58,3.98,4.13,4.72,0.3
324,2023,James Kaprielian,OAK,2,6,0,14,11,61,8.41,4.57,1.33,0.32,63.80%,30.40%,9.80%,92.5,6.34,4.86,5.07,5.65,0.3
325,2023,John King,2 Tms,2,1,0,35,0,37.1,4.82,2.41,0.48,0.344,76.60%,66.90%,9.50%,93.5,3.62,4.45,3.68,3.92,0.3
326,2023,Julio Teheran,MIL,3,5,0,14,11,71.2,6.28,1.63,1.63,0.264,73.40%,40.00%,14.30%,89.2,4.4,4.93,4.93,4.67,0.3
327,2023,Cody Bradford,TEX,4,3,0,20,8,56,8.2,1.93,1.77,0.283,67.20%,32.10%,14.10%,90.3,5.3,4.42,4.68,4.43,0.3
328,2023,John Brebbia,SFG,3,5,0,40,10,38.1,11.03,3.29,1.41,0.266,65.60%,29.00%,11.10%,94.4,3.99,3.25,3.93,4.23,0.3
329,2023,Kyle Finnegan,WSN,7,5,28,67,0,69.1,8.18,3.12,1.43,0.291,76.70%,47.20%,17.70%,97.4,3.76,4.73,4.58,4,0.3
330,2023,Daniel Lynch IV,KCR,3,4,0,9,9,52.1,5.85,2.75,1.55,0.252,69.90%,38.80%,11.80%,92.8,4.64,4.96,5.17,5.33,0.3
331,2023,Dakota Hudson,STL,6,3,0,18,12,81.1,4.98,3.76,1,0.304,71.10%,51.50%,12.30%,91.3,4.98,6,5.06,5.11,0.3
332,2023,Slade Cecconi,ARI,0,1,0,7,4,27,6.67,1.33,1.33,0.284,73.00%,38.10%,11.40%,94.3,4.33,4.77,4.37,4.58,0.3
333,2023,Giovanny Gallegos,STL,2,4,10,56,0,55,9.65,1.96,1.8,0.293,75.10%,35.30%,15.30%,93.9,4.42,4.16,4.36,3.93,0.3
334,2023,Isaiah Campbell,SEA,4,1,1,27,0,28.2,10.36,4.08,0.63,0.282,81.30%,39.70%,6.70%,95,2.83,3.87,3.32,4.15,0.3
335,2023,Derek Law,CIN,4,6,2,54,3,55,7.36,4.25,0.98,0.275,77.90%,39.50%,10.20%,95.7,3.6,4.77,4.62,4.97,0.3
336,2023,Thomas Hatch,2 Tms,1,1,0,18,2,28.2,8.16,3.77,0.63,0.352,64.80%,52.30%,6.90%,94.8,4.08,4.24,3.71,4.47,0.3
337,2023,Peter Strzelecki,2 Tms,3,5,0,37,0,37,9,2.92,0.73,0.291,71.70%,38.10%,7.10%,92.1,4.38,4.33,3.93,4.75,0.3
338,2023,Andre Jackson,2 Tms,1,3,2,19,7,61.1,8.36,3.23,1.61,0.248,69.30%,36.40%,15.70%,94.8,4.99,5.37,4.9,4.46,0.3
339,2023,Jordan Wicks,CHC,4,1,0,7,7,34.2,6.23,2.86,1.3,0.262,73.00%,46.80%,16.10%,92.2,4.41,4.07,4.7,4.3,0.3
340,2023,Kody Funderburk,MIN,2,0,0,11,0,12,14.25,3.75,0.75,0.238,100.00%,54.50%,14.30%,,0.75,2.44,2.67,2.55,0.3
341,2023,Taylor Rogers,SFG,6,4,2,60,0,51.2,11.15,4.35,1.05,0.28,68.30%,41.70%,12.00%,,3.83,3.61,3.91,4,0.3
342,2023,Lane Ramsey,CHW,1,0,0,21,0,20,8.1,4.05,0.45,0.375,64.40%,37.50%,3.70%,94.7,5.85,3.74,3.46,5.04,0.3
343,2023,Tommy Kahnle,NYY,1,3,2,42,0,40.2,10.62,4.2,1.11,0.228,82.10%,49.00%,14.30%,95.4,2.66,2.86,3.97,3.79,0.3
344,2023,Jovani Moran,MIN,2,2,0,43,0,42.1,10.2,5.74,0.64,0.302,60.60%,41.90%,7.50%,93.4,5.31,3.69,3.82,4.46,0.3
345,2023,Chad Green,TOR,3,0,0,12,0,12,12,3,0.75,0.355,41.10%,28.10%,8.30%,95.6,5.25,2.86,2.67,3.24,0.3
346,2023,Joe Mantiply,ARI,2,2,0,35,3,39,6.46,2.08,0.92,0.267,57.30%,53.80%,10.00%,90.3,4.62,3.93,3.84,4.21,0.3
347,2023,Daniel Palencia,CHC,5,3,0,27,0,28.1,10.48,4.45,0.95,0.284,65.10%,39.70%,11.50%,98.4,4.45,4.04,4,4.14,0.3
348,2023,Trevor Rogers,MIA,1,2,0,4,4,18,9.5,3,1,0.286,72.10%,52.00%,10.50%,93.4,4,4.01,4.09,4.39,0.3
349,2023,Carlos Hernández,KCR,1,10,4,67,4,70,9.9,3.99,1.29,0.287,63.70%,32.10%,12.30%,99.3,5.27,4.7,4.28,4.34,0.3
350,2023,Carmen Mlodzinski,PIT,3,3,1,35,1,36,8.5,4.5,0.75,0.26,77.10%,47.50%,10.00%,95.7,2.25,3.98,4.03,4.33,0.2
351,2023,Kyle Nelson,ARI,7,4,0,68,2,56,10.77,2.25,1.93,0.324,76.90%,37.10%,18.80%,92.1,4.18,3.74,4.45,3.56,0.2
352,2023,Drew Carlton,SDP,2,1,0,11,0,20.2,7.84,2.61,0.87,0.276,58.60%,43.90%,10.00%,92.3,4.35,4.33,3.79,4.13,0.2
353,2023,Beau Brieske,DET,2,3,2,25,1,35,7.97,3.09,1.03,0.305,80.20%,42.60%,10.30%,96.7,3.6,3.9,4,4.35,0.2
354,2023,Germán Márquez,COL,2,2,0,4,4,20,7.65,1.35,1.8,0.268,67.10%,48.30%,22.20%,95.9,4.95,4.86,4.61,3.49,0.2
355,2023,Zach Plesac,CLE,1,1,0,5,5,21.1,5.91,2.11,1.27,0.41,58.20%,51.20%,12.50%,91.4,7.59,5.48,4.47,4.51,0.2
356,2023,Peter Lambert,COL,3,7,0,25,11,87.1,7.32,2.89,1.85,0.296,71.40%,41.70%,15.80%,93.4,5.36,5.44,5.44,4.92,0.2
357,2023,Shintaro Fujinami,2 Tms,7,8,2,64,7,79,9.46,5.13,1.03,0.3,53.40%,40.10%,9.80%,98.5,7.18,4.8,4.61,5.05,0.2
358,2023,Tayler Saucedo,SEA,3,2,1,52,0,47.2,8.12,4.34,0.38,0.293,74.40%,58.50%,8.00%,93,3.59,4.16,3.82,4.14,0.2
359,2023,Michael Kelly,CLE,1,0,0,14,0,16.2,8.64,4.86,0,0.283,63.60%,41.30%,0.00%,95.1,3.78,3.87,2.96,4.54,0.2
360,2023,Triston McKenzie,CLE,0,3,0,4,4,16,9,7.31,0.56,0.256,67.80%,34.10%,4.30%,92.5,5.06,4.64,4.51,6.07,0.2
361,2023,Chase Anderson,2 Tms,1,6,1,19,17,86.1,6.67,3.44,1.77,0.291,72.50%,36.20%,14.90%,93.4,5.42,4.96,5.72,5.35,0.2
362,2023,Jacob Lopez,TBR,1,0,1,4,1,12.1,5.84,1.46,0,0.333,61.10%,35.70%,0.00%,90.9,4.38,5.62,2.93,4.54,0.2
363,2023,Chase Silseth,LAA,4,1,0,16,8,52.1,9.63,4.47,1.55,0.25,76.20%,48.90%,22.50%,95,3.96,4.27,4.96,3.98,0.2
364,2023,Tyler Gilbert,ARI,0,2,0,11,0,17.1,9.87,2.6,1.04,0.413,69.00%,42.60%,16.70%,92.6,5.19,6.24,3.43,3.07,0.2
365,2023,Keaton Winn,SFG,1,3,1,9,5,42.1,7.44,1.7,1.28,0.254,66.50%,58.00%,17.10%,96,4.68,4.3,4.37,3.89,0.2
366,2023,Nick Robertson,2 Tms,0,1,0,18,1,22.1,10.48,3.63,1.21,0.397,57.50%,47.10%,12.50%,95.3,6.04,4.58,3.88,3.91,0.2
367,2023,Luis F. Ortiz,PHI,0,0,1,14,0,19,7.58,2.37,0.47,0.379,79.00%,51.70%,6.30%,95.4,3.32,3.85,3.04,3.75,0.2
368,2023,Miguel Castro,ARI,6,6,7,75,0,64.2,8.35,3.48,1.11,0.25,69.30%,43.80%,13.10%,96.9,4.31,3.82,4.31,4.26,0.2
369,2023,Bowden Francis,TOR,1,0,1,20,0,36.1,8.67,1.98,1.24,0.195,100.00%,35.20%,10.90%,94.3,1.73,3.69,3.86,4.16,0.2
370,2023,Carson Spiers,CIN,0,1,1,4,2,13,8.31,4.85,0.69,0.386,55.10%,26.70%,4.50%,93.4,6.92,4.3,4.02,5.82,0.2
371,2023,Brendan White,DET,2,3,0,33,2,40.2,9.74,3.32,0.89,0.33,64.30%,51.80%,12.50%,94.4,5.09,4.51,3.85,3.87,0.2
372,2023,Phil Bickford,2 Tms,5,5,1,61,0,67.1,10.16,5.21,1.07,0.288,67.20%,27.90%,9.20%,93.9,4.95,4.8,4.46,5.05,0.2
373,2023,Aaron Loup,LAA,2,3,1,55,0,48.2,8.32,3.7,1.11,0.373,63.60%,46.60%,11.10%,91.5,6.1,4.39,4.36,4.6,0.2
374,2023,Brett Kennedy,CIN,1,0,0,5,2,18,4.5,3.5,0.5,0.286,58.00%,39.70%,3.80%,92.9,6.5,4.93,4.64,6.31,0.2
375,2023,Austin Adams,ARI,0,1,0,24,0,17.1,11.42,4.15,0.52,0.333,61.60%,37.00%,5.60%,93.8,5.71,3.55,3.72,4.68,0.2
376,2023,Alex Wood,SFG,5,5,0,29,12,97.2,6.82,3.87,0.83,0.301,70.90%,45.00%,8.20%,,4.33,4.67,4.47,5.14,0.2
377,2023,Joe La Sorsa,2 Tms,1,0,0,25,0,32.2,7.71,2.48,0.83,0.293,72.40%,42.20%,7.90%,92.7,4.41,4.42,4.11,4.84,0.2
378,2023,Angel Felipe,OAK,1,1,0,14,0,15,11.4,7.8,0,0.194,65.00%,53.30%,0.00%,95.4,4.2,2.91,3.52,4.62,0.2
379,2023,Andrew Vasquez,2 Tms,2,1,0,42,0,48.1,8.01,4.28,0.74,0.296,78.10%,46.50%,8.30%,89.2,3.35,3.85,4.41,4.98,0.2
380,2023,Yerry Rodríguez,TEX,0,1,0,13,1,13.2,9.88,3.95,0.66,0.432,56.90%,28.90%,5.30%,97.2,7.9,4.13,3.33,4.68,0.2
381,2023,José Urquidy,HOU,3,3,1,16,10,63,6.43,3.57,1.57,0.281,71.80%,36.50%,12.40%,93.2,5.29,4.7,5.38,5.45,0.2
382,2023,Luis Cessa,CIN,1,4,0,7,6,26,3.81,4.15,1.04,0.41,60.20%,38.30%,11.10%,92.4,9,9.18,5.41,5.63,0.2
383,2023,José De León,MIN,0,1,0,12,1,17.1,8.83,2.6,1.04,0.311,62.50%,42.60%,11.10%,93.7,4.67,4.48,3.83,4.05,0.2
384,2023,Kolby Allard,ATL,0,1,0,4,3,12.1,9.49,2.92,1.46,0.378,64.00%,30.80%,11.80%,90.5,6.57,5.48,4.23,4.4,0.2
385,2023,Josh Staumont,KCR,0,0,0,21,1,20,10.8,5.85,0.45,0.306,64.20%,47.90%,5.90%,95.9,5.4,4.48,3.76,4.51,0.2
386,2023,Jordan Lyles,KCR,6,17,0,31,31,177.2,6.08,2.28,1.98,0.255,56.30%,33.50%,14.10%,91.4,6.28,4.96,5.62,5.34,0.2
387,2023,Chasen Shreve,2 Tms,1,2,0,50,0,44.2,9.07,2.82,1.41,0.31,70.30%,45.50%,14.30%,90.6,4.63,4.16,4.28,4.06,0.2
388,2023,Yunior Marte,PHI,1,1,2,40,0,39.1,8.69,3.89,1.37,0.342,67.10%,48.80%,15.80%,98.3,5.03,4.58,4.68,4.29,0.2
389,2023,Sam Bachman,LAA,1,2,1,11,0,17,7.41,5.82,0,0.333,75.90%,58.80%,0.00%,,3.18,4.67,3.73,4.7,0.2
390,2023,Sean Newcomb,OAK,1,1,0,7,2,15,10.2,5.4,0.6,0.219,79.60%,42.40%,7.70%,93.4,3,3.98,4.06,4.62,0.2
391,2023,Génesis Cabrera,2 Tms,2,1,0,61,0,55.2,9.38,3.88,1.29,0.279,73.70%,38.30%,11.90%,96,4.04,4.18,4.44,4.56,0.2
392,2023,John Means,BAL,1,2,0,4,4,23.2,3.8,1.52,1.52,0.13,88.70%,28.80%,9.80%,91.7,2.66,4.58,5.24,5.91,0.2
393,2023,Emerson Hancock,SEA,0,0,0,3,3,12,4.5,2.25,0.75,0.308,68.50%,47.50%,6.70%,92.7,4.5,3.33,4.09,5.07,0.2
394,2023,Nick Mears,COL,0,1,0,16,0,19.1,9.78,6.52,0.47,0.26,76.10%,35.30%,3.80%,95.9,3.72,3.09,4.08,5.63,0.2
395,2023,Ty Blach,COL,3,3,0,20,13,78,5.77,2.77,1.73,0.346,73.50%,39.20%,16.90%,89.5,5.54,7.26,5.63,5.01,0.1
396,2023,Andrew Kittredge,TBR,2,0,1,14,0,11.2,7.71,1.54,0.77,0.306,80.90%,37.80%,7.70%,,3.09,3.9,3.43,4.15,0.1
397,2023,Angel Zerpa,KCR,3,3,0,15,3,42.2,7.59,1.69,1.48,0.307,70.50%,50.80%,16.70%,94.7,4.85,4.36,4.54,4.04,0.1
398,2023,Jay Jackson,TOR,3,1,0,25,0,29.2,8.19,2.73,1.21,0.187,89.30%,43.60%,12.10%,93.3,2.12,3.4,4.2,4.29,0.1
399,2023,George Soriano,MIA,0,0,1,26,1,52,9,3.98,1.04,0.282,73.20%,41.50%,10.50%,94.5,3.81,4.51,4.37,4.68,0.1
400,2023,Dallas Keuchel,MIN,2,1,0,10,6,37.2,5.97,4.3,0.72,0.339,65.80%,52.80%,10.00%,,5.97,5.59,4.56,4.84,0.1
401,2023,Hunter Gaddis,CLE,2,1,0,11,7,42,5.14,3,1.29,0.261,75.10%,26.60%,7.80%,93.8,4.5,3.9,5.26,6.43,0.1
402,2023,Keynan Middleton,2 Tms,2,2,2,51,0,50.2,11.37,4.09,1.42,0.276,83.30%,56.60%,23.50%,95.7,3.38,3.71,4.2,3.26,0.1
403,2023,Rob Zastryzny,PIT,1,0,0,21,1,20.2,6.53,5.66,0.44,0.338,61.80%,38.80%,3.70%,93,4.79,4.7,4.32,5.85,0.1
404,2023,Andrew Saalfrank,ARI,0,0,0,10,0,10.1,5.23,3.48,0,0.226,81.80%,71.00%,0.00%,,0,3.45,3.26,3.74,0.1
405,2023,Drew Smith,NYM,4,6,3,62,0,56.1,9.59,4.63,1.12,0.301,71.40%,30.00%,9.00%,95.3,4.15,4.39,4.55,5.22,0.1
406,2023,Josh Winder,MIN,2,1,1,19,0,34.2,7.27,3.63,0.78,0.314,73.70%,41.00%,6.70%,94.5,4.15,4.83,3.98,5,0.1
407,2023,Trevor May,OAK,4,4,21,49,0,46.2,7.71,5.59,0.77,0.24,74.90%,30.80%,6.80%,94.9,3.28,4.58,4.71,5.69,0.1
408,2023,Tucker Davidson,2 Tms,1,2,2,38,1,51.1,8.06,3.33,1.05,0.358,63.10%,44.20%,11.50%,91.4,5.96,5.16,4.27,4.42,0.1
409,2023,Justin Bruihl,2 Tms,1,0,0,27,0,28,7.07,3.54,0.64,0.313,61.20%,49.40%,7.10%,,5.46,4.7,4.11,4.84,0.1
410,2023,Tanner Banks,CHW,1,4,1,32,3,61,7.52,2.36,1.48,0.282,72.30%,37.20%,12.70%,92.9,4.43,4.39,4.7,4.71,0.1
411,2023,Matt Barnes,MIA,1,0,0,24,1,21.1,8.44,4.22,0.84,0.348,69.30%,49.30%,10.50%,93.6,5.48,4.73,4.15,4.4,0.1
412,2023,Yerry De Los Santos,PIT,1,1,0,22,0,24.1,6.66,4.81,0.37,0.225,71.00%,54.90%,5.00%,,3.33,3.77,4.04,4.86,0.1
413,2023,Louie Varland,MIN,4,3,0,17,10,68,9.4,2.25,2.12,0.281,79.60%,44.30%,21.10%,95.3,4.63,4.58,5.02,3.81,0.1
414,2023,Tim Herrin,CLE,1,1,0,23,0,27.2,10.41,3.9,0.98,0.361,64.40%,44.40%,11.50%,96.8,5.53,4.64,3.87,4.01,0.1
415,2023,Grant Anderson,TEX,2,1,0,26,0,35.2,7.57,3.53,1.26,0.317,71.70%,46.30%,12.50%,93,5.05,4.07,4.66,4.69,0.1
416,2023,Tyler Alexander,DET,2,1,0,25,1,44,9,1.02,1.64,0.295,65.30%,32.00%,12.50%,90.1,4.5,3.61,4.1,4.14,0.1
417,2023,Seth Martinez,HOU,2,3,1,35,0,43,9.42,3.98,1.05,0.333,65.10%,37.70%,10.60%,91.2,5.23,5.44,4.42,4.71,0.1
418,2023,Jacob Webb,2 Tms,1,1,1,54,0,53.2,9.56,5.03,1.01,0.244,79.00%,37.10%,10.20%,94.8,3.69,3.82,4.48,4.85,0.1
419,2023,Brandon Bielak,HOU,5,6,0,15,13,80,6.97,4.05,1.35,0.311,76.20%,50.20%,15.00%,92.3,3.82,5.44,5.19,4.9,0.1
420,2023,Ray Kerr,SDP,1,1,0,22,0,27,11.67,3,1.67,0.313,71.40%,39.70%,20.80%,96.1,4.33,4.67,4.18,3.24,0.1
421,2023,Levi Stoudt,CIN,0,1,0,4,2,10.1,7.84,6.97,0.87,0.405,57.50%,44.70%,9.10%,94.6,9.58,5.27,5.09,5.6,0.1
422,2023,Rafael Montero,HOU,3,3,1,68,0,67.1,10.56,3.88,1.47,0.358,72.90%,41.20%,15.30%,96.1,5.08,4.61,4.46,4.1,0.1
423,2023,Yency Almonte,LAD,3,2,0,49,0,48,9.19,4.5,1.13,0.296,65.50%,42.00%,13.00%,96.1,5.06,4.33,4.59,4.55,0.1
424,2023,Steven Cruz,KCR,0,0,0,10,4,12.2,10.66,7.82,0.71,0.294,74.10%,34.30%,5.60%,98,4.97,4.73,4.76,6.08,0.1
425,2023,John Schreiber,BOS,2,1,1,46,2,46.2,10.22,4.82,1.16,0.302,77.90%,42.00%,13.00%,93.4,3.86,4.13,4.52,4.48,0.1
426,2023,Alex Young,CIN,4,2,1,63,0,53.2,8.39,3.35,1.68,0.277,78.30%,48.80%,18.20%,91.5,3.86,4.07,4.99,4.26,0.1
427,2023,Jacob Barnes,STL,0,1,0,13,0,13.2,5.27,1.98,0.66,0.354,53.40%,42.90%,4.80%,95.2,5.93,3.96,3.91,5.5,0.1
428,2023,Ryan Thompson,2 Tms,1,2,1,31,0,30.2,6.16,2.35,0.88,0.2,64.80%,61.20%,12.00%,91.8,3.82,3.18,4.33,4.41,0.1
429,2023,Luis García,SDP,2,3,0,61,0,59.2,7.99,3.62,0.91,0.298,73.20%,61.50%,16.20%,97.6,4.07,4.07,4.29,4.01,0.1
430,2023,Caleb Thielbar,MIN,3,1,0,36,0,30.2,10.57,1.76,2.05,0.225,88.50%,36.40%,18.90%,93.1,3.23,3.55,4.46,3.49,0.1
431,2023,Michael Tonkin,ATL,7,3,1,45,0,80,8.44,2.59,1.46,0.241,67.80%,38.30%,13.50%,,4.28,3.9,4.43,4.3,0.1
432,2023,Jose A. Ferrer,WSN,3,0,0,39,0,34,6.62,3.44,1.06,0.333,70.50%,57.80%,18.20%,95.5,5.03,3.71,4.55,4.09,0.1
433,2023,Jose Hernandez,PIT,1,3,0,50,0,50.2,11.01,3.91,1.6,0.295,69.70%,38.70%,16.10%,94.7,4.97,4.13,4.48,4,0.1
434,2023,Matt Waldron,SDP,1,3,0,8,6,41.1,6.75,2.61,1.96,0.248,80.70%,40.00%,16.70%,91.6,4.35,4.48,5.46,4.79,0.1
435,2023,Tyler Kinley,COL,0,4,5,18,0,16.1,9.37,3.31,1.65,0.367,71.40%,19.60%,10.70%,96.6,6.06,4.67,4.85,5.29,0.1
436,2023,Roansy Contreras,PIT,3,7,1,19,11,68.1,7.24,4.21,1.45,0.315,62.60%,37.70%,12.60%,94.4,6.59,5.48,5.19,5.2,0.1
437,2023,Mauricio Llovera,2 Tms,2,3,0,30,0,35,7.46,3.86,0.77,0.303,59.10%,46.80%,9.10%,,4.89,4.93,4.34,4.79,0.1
438,2023,Trent Thornton,2 Tms,1,2,0,27,1,31.1,7.47,1.72,1.44,0.284,82.80%,39.80%,13.20%,94,2.01,3.09,4.24,4.18,0.1
439,2023,Seranthony Domínguez,PHI,5,5,2,57,0,50,8.64,3.96,1.26,0.291,77.00%,42.50%,12.30%,97.6,3.78,4.67,4.84,4.9,0.1
440,2023,Eduard Bazardo,2 Tms,0,0,0,12,0,16,8.44,2.25,1.12,0.283,67.90%,39.60%,11.80%,94.4,4.5,3.25,3.76,3.89,0.1
441,2023,Andrew Bellatti,PHI,1,0,0,27,0,24.2,9.12,4.38,1.46,0.292,70.10%,32.90%,11.80%,94.3,5.11,4.9,4.8,4.97,0.1
442,2023,Denyi Reyes,NYM,0,2,0,9,3,19.2,7.78,3.66,1.37,0.361,57.10%,39.70%,13.60%,92.1,7.78,5.23,4.88,4.75,0.1
443,2023,Hogan Harris,OAK,3,6,0,14,6,63,8,4,1.43,0.305,56.00%,39.70%,11.60%,92.7,7.14,5.13,5.02,5.21,0.1
444,2023,Sammy Peralta,CHW,2,0,0,16,0,20,8.1,4.95,0.9,0.288,69.90%,39.30%,8.70%,,4.05,4.04,4.41,5.01,0.1
445,2023,Jonathan Hernández,TEX,1,2,0,33,0,31.2,9.66,4.26,1.14,0.344,70.30%,51.10%,12.10%,,5.4,4.96,4.55,4.63,0.1
446,2023,Jared Shuster,ATL,4,3,0,11,11,52.2,5.13,4.44,1.2,0.277,65.50%,35.70%,8.90%,91.5,5.81,5.44,5.38,6.13,0.1
447,2023,Randy Vásquez,NYY,2,2,0,11,5,37.2,7.88,4.3,1.19,0.236,88.90%,36.40%,10.90%,94.5,2.87,5.37,4.98,5.27,0.1
448,2023,Jackson Stephens,ATL,0,0,0,5,0,12,8.25,3.75,0.75,0.343,84.30%,41.20%,10.00%,93.5,3,3.53,3.76,4.05,0.1
449,2023,Jesse Scholtens,CHW,1,9,1,26,11,85,6.14,3.18,1.59,0.313,70.30%,41.30%,12.90%,92.9,5.29,4.93,5.31,5.28,0.1
450,2023,Dany Jiménez,OAK,0,2,1,25,1,23.1,8.1,5.4,1.16,0.143,76.90%,28.10%,9.40%,93.2,3.47,3.77,4.93,5.52,0.1
451,2023,Keegan Thompson,CHC,2,2,1,19,0,28.2,8.16,5.97,0.63,0.234,67.20%,41.00%,6.10%,94,4.71,4.3,4.44,5.44,0.1
452,2023,Ryne Stanek,HOU,3,1,0,55,0,50.2,9.06,3.73,1.42,0.258,75.80%,30.70%,10.40%,98.2,4.09,4.04,4.6,5.06,0.1
453,2023,Darius Vines,ATL,1,0,0,5,2,20.1,6.2,3.1,1.33,0.203,69.20%,40.30%,9.70%,90,3.98,4.01,4.98,5.58,0.1
454,2023,Trey Wingenter,DET,1,0,0,17,0,17,11.65,3.71,1.06,0.333,64.70%,43.20%,11.10%,96,5.82,3.87,3.96,4.18,0.1
455,2023,Connor Phillips,CIN,1,1,0,5,5,20.2,11.32,5.66,2.18,0.255,64.00%,33.90%,17.90%,96.4,6.97,4.67,5.92,5.01,0.1
456,2023,Joe Jacques,BOS,2,1,1,23,1,26.2,6.75,3.38,0.68,0.357,68.60%,64.70%,9.50%,,5.06,4.07,4.53,4.86,0.1
457,2023,Peyton Battenfield,CLE,0,5,0,7,6,34.2,7.01,3.12,1.82,0.27,66.30%,43.00%,15.90%,91.2,5.19,6.16,5.36,4.83,0.1
458,2023,Sean Hjelle,SFG,2,1,0,15,0,29,9.62,4.03,0.93,0.398,59.10%,53.30%,15.00%,,6.52,4.58,4.22,4.02,0.1
459,2023,Dylan Lee,ATL,1,0,0,24,1,23.2,9.13,3.04,1.52,0.308,68.20%,38.80%,15.40%,92.2,4.18,5.66,4.44,4.06,0
460,2023,Carson Fulmer,LAA,1,1,0,3,1,10,5.4,3.6,0.9,0.185,83.30%,57.10%,11.10%,92.8,2.7,4.64,4.86,5.04,0
461,2023,Penn Murfee,SEA,1,2,0,16,0,14,10.29,6.43,0.64,0.133,75.30%,46.70%,14.30%,88.1,1.29,3.23,4.26,4.15,0
462,2023,Dylan Covey,2 Tms,1,3,0,29,1,43,6.28,3.56,1.05,0.314,75.00%,54.30%,15.60%,95.6,3.77,4.96,4.7,4.42,0
463,2023,Nick Lodolo,CIN,2,1,0,7,7,34.1,12.32,2.62,2.62,0.435,81.10%,46.00%,27.00%,93.9,6.29,4.83,5.79,3.78,0
464,2023,Brandon Walter,BOS,0,0,1,9,0,23,6.26,2.74,1.17,0.367,64.30%,42.70%,9.10%,91.8,6.26,4.48,4.6,5.28,0
465,2023,Nick Wittgren,KCR,1,0,0,27,0,29,5.59,3.41,0.62,0.298,65.50%,44.80%,5.70%,92.1,4.97,4.67,4.36,5.46,0
466,2023,Greg Weissert,NYY,0,0,0,17,0,20,9.9,3.6,1.35,0.34,81.40%,50.90%,16.70%,94.4,4.05,4.42,4.36,3.89,0
467,2023,Jackson Rutledge,WSN,1,1,0,4,4,20,5.4,2.7,1.8,0.313,64.40%,26.50%,11.40%,95.8,6.75,5.85,5.86,6.15,0
468,2023,Grant Hartwig,NYM,5,2,0,28,0,35.1,7.64,3.82,0.76,0.298,63.00%,48.10%,9.40%,,4.84,4.3,4.44,4.84,0
469,2023,Mike Baumann,BAL,10,1,0,60,0,64.2,8.49,4.59,0.97,0.265,75.10%,42.00%,9.90%,96.5,3.76,5.37,4.4,4.81,0
470,2023,Richard Lovelady,OAK,0,3,0,27,0,23.1,9.26,3.86,1.16,0.214,63.00%,47.50%,12.50%,91,4.63,3.87,4.54,4.57,0
471,2023,Eduardo Salazar,CIN,1,0,0,8,0,12.1,3.65,3.65,0,0.34,56.00%,51.10%,0.00%,93.6,8.03,6,4.63,6.51,0
472,2023,Jordan Weems,WSN,5,1,0,51,0,54.2,9.88,4.61,1.48,0.22,78.00%,38.80%,14.50%,96.3,3.62,4.3,4.9,4.64,0
473,2023,Calvin Faucher,TBR,1,1,0,17,4,25.2,8.77,4.21,1.4,0.346,62.50%,50.00%,16.00%,95.3,7.01,6.61,4.85,4.44,0
474,2023,Josh Taylor,KCR,1,3,0,17,1,17.2,13.25,4.58,2.04,0.409,55.10%,45.80%,25.00%,93,8.15,4.83,4.78,3.34,0
475,2023,J.C. Mejía,MIL,1,0,0,9,0,11.1,10.32,2.38,1.59,0.419,74.10%,45.50%,28.60%,95.2,5.56,6.9,4.31,3.04,0
476,2023,Noah Davis,COL,0,4,0,8,6,30,7.8,4.5,1.8,0.389,59.70%,46.00%,17.10%,,8.7,4.8,6.02,5.35,0
477,2023,Jonathan Loáisiga,NYY,0,2,0,17,0,17.2,3.06,0.51,1.02,0.207,70.40%,53.30%,9.50%,98,3.06,2.65,4.56,5.05,0
478,2023,Luis Patiño,2 Tms,0,1,0,9,1,21.2,7.48,5.82,1.25,0.281,74.70%,40.30%,13.00%,95.2,4.57,5.81,5.33,5.29,0
479,2023,Anthony Bass,TOR,0,0,0,22,0,20,8.55,4.05,1.35,0.281,67.20%,38.30%,13.00%,94.6,4.95,5.23,4.66,4.61,0
480,2023,Hunter Stratton,PIT,0,0,0,8,0,12,7.5,2.25,1.5,0.226,98.00%,51.50%,20.00%,95.8,2.25,4.61,4.76,3.97,0
481,2023,Nick Vespi,BAL,1,0,0,9,0,14.2,5.52,1.23,1.23,0.311,74.10%,46.80%,13.30%,88.9,4.3,3.74,4.41,4.33,0
482,2023,Robert Suarez,SDP,4,3,0,26,0,27.2,7.81,3.25,1.3,0.157,61.90%,48.60%,18.20%,97.8,4.23,3.23,4.48,3.92,0
483,2023,Oliver Ortega,MIN,0,1,0,10,0,14.2,8.59,4.3,1.23,0.231,74.10%,33.30%,9.10%,95.3,4.3,2.79,4.76,5.46,0
484,2023,Kirby Snead,OAK,1,2,0,15,0,11.2,6.94,4.63,0.77,0.325,69.90%,46.30%,9.10%,,4.63,6.56,4.37,4.81,0
485,2023,José Cisnero,DET,3,4,2,63,0,59.1,10.62,3.79,1.52,0.338,68.40%,43.90%,15.60%,96,5.31,4.64,4.6,4.2,0
486,2023,Kevin Herget,CIN,1,2,1,14,0,24.1,4.81,2.22,1.48,0.275,70.40%,33.30%,11.10%,92.6,5.18,5.59,5.31,5.62,0
487,2023,Bruce Zimmermann,BAL,2,0,0,7,0,13.1,9.45,0,2.03,0.333,74.30%,47.70%,21.40%,90,4.73,3.61,4.53,3.34,0
488,2023,Tyson Miller,3 Tms,1,0,0,10,0,15.1,5.87,3.52,1.17,0.244,69.80%,19.10%,9.10%,,4.7,6.86,5.02,5.69,0
489,2023,Davis Daniel,LAA,1,1,0,3,0,12.1,6.57,6.57,0.73,0.182,89.00%,47.10%,6.70%,93.3,2.19,3.77,5.04,6,0
490,2023,Nate Pearson,TOR,5,2,1,35,0,42.2,9.07,3.8,1.48,0.261,67.80%,30.50%,11.70%,97.9,4.85,3.9,4.85,5.04,0
491,2023,Reed Garrett,2 Tms,1,0,0,11,0,19.2,7.32,3.2,1.37,0.317,62.00%,44.40%,15.80%,96.5,6.41,4.51,4.83,4.45,0
492,2023,Colin Selby,PIT,2,2,0,21,5,24,11.25,5.63,1.5,0.385,52.10%,48.50%,21.10%,,9,5.52,4.8,3.94,0
493,2023,Joely Rodríguez,BOS,0,0,0,11,0,11,11.45,4.91,1.64,0.379,61.70%,45.20%,28.60%,91.2,6.55,5.7,4.71,3.4,0
494,2023,Ryan Weber,NYY,1,0,1,8,0,14.1,4.4,0.63,1.26,0.306,86.40%,46.00%,12.50%,,3.14,5.34,4.51,4.54,0
495,2023,Matt Carasiti,COL,1,0,1,16,0,24.1,5.92,4.07,1.11,0.316,58.70%,56.10%,15.80%,95,6.29,5.3,5.02,4.71,0
496,2023,Drey Jameson,ARI,3,1,1,15,3,40.2,8.19,3.98,1.33,0.304,87.00%,45.80%,13.00%,97.1,3.32,5.55,4.76,4.71,0
497,2023,Kyle Wright,ATL,1,3,0,9,7,31,9.87,4.94,1.45,0.368,64.80%,60.20%,27.80%,93.6,6.97,5.37,5.19,4.05,0
498,2023,Mitch White,TOR,0,1,0,10,0,12.2,9.24,4.97,1.42,0.342,57.30%,20.50%,8.30%,93.8,7.11,4.61,4.91,5.99,0
499,2023,Brandon Hughes,CHC,0,3,0,17,0,13.2,11.2,5.27,1.32,0.343,59.40%,31.40%,15.40%,93.6,7.24,5.34,4.65,4.32,0
500,2023,Jose Cuas,2 Tms,3,2,1,72,2,65.1,9.78,4.82,1.1,0.322,80.00%,46.10%,13.80%,92.4,3.99,5.44,4.6,4.48,0
501,2023,Mike Mayers,KCR,1,2,0,6,2,26.1,5.81,3.42,1.37,0.341,65.10%,42.70%,12.10%,93.1,6.15,4.67,5.08,5.18,0
502,2023,Spencer Turnbull,DET,1,4,0,7,7,31,6.97,4.35,1.45,0.327,60.40%,48.50%,15.20%,,7.26,6.12,5.55,5.21,0
503,2023,John Curtiss,NYM,0,0,0,15,0,19.2,7.32,3.66,1.37,0.259,72.10%,40.40%,12.00%,94.1,4.58,3.23,4.83,4.95,0
504,2023,James Naile,STL,0,0,0,10,0,15.1,4.11,5.28,0.59,0.413,49.10%,54.00%,9.10%,92.9,8.8,7.4,4.95,5.29,0
505,2023,Matt Koch,COL,3,2,0,39,1,38.2,6.28,2.09,1.63,0.288,71.10%,49.20%,17.50%,93.8,5.12,4.55,5.07,4.42,-0.1
506,2023,Jimmy Yacabonis,NYM,2,1,0,7,0,13.2,7.24,3.95,1.32,0.286,60.40%,40.90%,11.80%,,6.59,4.83,5.08,5.24,-0.1
507,2023,Yohan Ramírez,2 Tms,1,0,0,31,0,38.1,8.22,3.99,0.7,0.327,73.30%,58.40%,12.50%,,4.23,4.24,4.64,4.66,-0.1
508,2023,Luis Frías,ARI,1,0,0,29,0,31,7.55,4.94,0.87,0.297,78.10%,41.50%,8.10%,96.1,4.06,5.16,4.67,5.39,-0.1
509,2023,Michael Rucker,CHC,2,1,0,35,0,40.1,8.93,4.24,1.34,0.306,74.10%,51.80%,18.80%,94.8,4.91,4.48,4.84,4.22,-0.1
510,2023,Lucas Luetge,ATL,1,0,0,12,0,13.2,9.22,4.61,1.32,0.366,63.10%,41.90%,15.40%,87.6,7.24,4.86,4.86,4.54,-0.1
511,2023,Reiver Sanmartin,CIN,1,0,0,14,0,14,8.36,6.43,1.29,0.333,57.90%,54.30%,18.20%,90.9,7.07,3.71,5.4,4.84,-0.1
512,2023,Drew Rom,STL,1,4,0,8,8,33.2,8.55,5.08,1.87,0.393,59.80%,39.50%,13.50%,90.8,8.02,6.2,5.75,5.6,-0.1
513,2023,Domingo Tapia,SDP,0,1,1,15,0,17.2,7.13,6.11,1.02,0.239,77.60%,45.80%,10.50%,97.9,3.57,3.96,5.35,5.66,-0.1
514,2023,Alex Lange,DET,7,5,26,67,0,66,10.77,6.14,0.82,0.243,74.80%,50.60%,12.50%,96.1,3.68,3.9,4.36,4.38,-0.1
515,2023,Bryce Jarvis,ARI,2,1,0,11,1,23.2,4.56,3.42,1.14,0.162,74.50%,44.30%,11.10%,95.5,3.04,5.55,5.03,5.27,-0.1
516,2023,Andre Pallante,STL,4,1,0,62,0,68,5.69,3.97,0.79,0.318,71.60%,77.80%,26.10%,96.3,4.76,4.16,4.59,4.01,-0.1
517,2023,Trevor Williams,WSN,6,10,0,30,30,144.1,6.92,3.3,2.12,0.316,73.80%,39.50%,17.00%,89.8,5.55,5.66,5.98,5.21,-0.1
518,2023,Ben Joyce,LAA,1,1,0,12,0,10,9,8.1,0.9,0.296,73.90%,46.40%,8.30%,100.8,5.4,4.86,5.56,6.24,-0.1
519,2023,Zach Logue,DET,0,0,0,3,0,11,8.18,1.64,2.45,0.294,55.60%,45.90%,25.00%,91,7.36,3.63,5.53,3.79,-0.1
520,2023,Garrett Cleavinger,TBR,1,0,0,15,0,12,10.5,4.5,1.5,0.16,78.40%,40.70%,16.70%,95.5,3,3.9,4.84,4.33,-0.1
521,2023,Gus Varland,2 Tms,1,1,0,16,0,20.1,8.85,7.08,1.33,0.381,65.30%,50.80%,16.70%,95.8,6.64,6.56,5.71,5.26,-0.1
522,2023,Max Castillo,KCR,0,1,0,7,0,20.1,4.43,3.98,0.89,0.277,75.30%,40.90%,9.10%,93.5,4.43,6.2,5.32,5.83,-0.1
523,2023,Scott McGough,ARI,2,7,9,63,1,70.1,11,3.84,1.79,0.272,71.80%,48.60%,24.60%,93.5,4.73,4.24,4.76,3.51,-0.1
524,2023,Anthony Misiewicz,3 Tms,2,0,0,11,0,11,6.55,4.91,1.64,0.385,59.40%,29.30%,11.80%,93.1,7.36,8.37,5.8,5.99,-0.1
525,2023,Ty Adcock,SEA,0,0,0,12,0,15.2,6.32,0,2.3,0.163,74.10%,37.00%,23.50%,96.5,3.45,5.85,5.17,3.64,-0.1
526,2023,Adam Ottavino,NYM,1,7,12,66,0,61.2,9.05,4.23,1.02,0.252,80.60%,56.30%,14.60%,93.4,3.21,3.53,4.52,4.33,-0.1
527,2023,Connor Brogdon,PHI,2,1,0,27,1,29,8.07,4.03,1.55,0.293,80.60%,37.20%,12.80%,95,4.03,4.67,5.15,5.13,-0.1
528,2023,Kendall Graveman,2 Tms,5,6,8,68,0,66.1,8.95,4.88,1.22,0.253,81.90%,38.70%,13.20%,96.1,3.12,4.58,4.88,4.81,-0.1
529,2023,Ben Heller,ATL,0,0,0,19,0,18.2,7.71,5.3,0.96,0.275,76.30%,49.10%,10.50%,95.9,3.86,4.77,5.02,5.31,-0.1
530,2023,Sam Long,OAK,0,1,2,40,1,45,6.4,4.2,1,0.314,65.60%,42.70%,8.80%,94.2,5.6,4.93,4.74,5.39,-0.1
531,2023,Kyle Harrison,SFG,1,1,0,7,7,34.2,9.09,2.86,2.08,0.236,76.20%,26.80%,15.40%,93.6,4.15,4.55,5.53,5.01,-0.1
532,2023,Dennis Santana,NYM,1,0,0,9,0,10.2,10.12,5.91,1.69,0.286,72.40%,26.70%,12.50%,95.9,5.91,5.89,5.69,5.74,-0.1
533,2023,Richard Bleier,BOS,1,0,0,27,0,30.2,4.7,1.47,1.47,0.311,65.80%,55.20%,17.90%,89.2,5.28,4.73,5.11,4.5,-0.1
534,2023,Josh Walker,NYM,0,1,0,13,0,10,10.8,5.4,1.8,0.357,46.10%,23.30%,13.30%,94.7,8.1,4.83,5.26,5.14,-0.1
535,2023,Adrián Martínez,OAK,0,2,0,22,1,55,7.69,3.11,1.31,0.315,72.40%,38.20%,13.30%,,4.75,5.37,4.75,4.66,-0.1
536,2023,Connor Overton,CIN,0,1,0,3,3,11,7.36,5.73,2.45,0.444,55.10%,38.50%,18.80%,91.7,11.45,6.61,7.07,5.93,-0.1
537,2023,Garrett Crochet,CHW,0,2,0,13,0,12.2,8.53,9.24,0.71,0.297,81.30%,32.40%,5.30%,96.5,3.55,6.48,5.7,7.16,-0.1
538,2023,Ken Waldichuk,OAK,4,9,1,35,22,141,8.43,4.53,1.53,0.31,69.60%,39.80%,14.10%,93.5,5.36,4.7,5.3,5.08,-0.1
539,2023,Joel Kuhnel,2 Tms,0,0,0,9,0,13,2.08,3.46,1.38,0.298,72.90%,57.10%,16.70%,94.3,5.54,6.82,6.18,5.7,-0.1
540,2023,Ian Kennedy,TEX,0,1,0,16,0,16.1,11.57,3.86,2.2,0.293,51.60%,33.30%,17.40%,92.5,7.16,4.27,5.52,4.66,-0.1
541,2023,Kirby Yates,ATL,7,2,5,61,0,60.1,11.93,5.52,1.34,0.211,85.40%,36.40%,15.00%,93.7,3.28,4.51,4.63,4.34,-0.1
542,2023,Hobie Harris,WSN,0,0,0,16,0,19.1,4.19,6.05,0.93,0.288,71.40%,36.80%,6.70%,94.4,5.12,7.68,5.84,7.06,-0.1
543,2023,Connor Seabold,COL,1,7,0,27,13,87.1,6.9,2.89,1.96,0.338,60.30%,33.40%,13.50%,92.8,7.52,5.13,5.75,5.59,-0.1
544,2023,Taylor Hearn,3 Tms,0,0,0,13,0,15,9,4.8,2.4,0.388,47.20%,30.80%,20.00%,95.8,11.4,6.32,6.32,5.06,-0.1
545,2023,Anthony Kay,2 Tms,0,0,0,16,0,14.2,6.75,5.52,1.23,0.262,66.00%,29.50%,11.10%,94.7,6.14,7.04,5.78,6.03,-0.1
546,2023,Tayler Scott,3 Tms,0,0,0,18,2,17.2,8.66,5.09,1.53,0.364,75.50%,36.20%,10.30%,94,5.6,5.16,5.75,6.25,-0.1
547,2023,Cole Sands,MIN,0,0,0,15,0,21.2,8.72,5.4,1.66,0.267,83.90%,39.10%,13.80%,93.7,3.74,6.04,5.52,5.33,-0.1
548,2023,Carlos Rodón,NYY,3,8,0,14,14,64.1,8.95,3.92,2.1,0.286,60.50%,27.10%,15.20%,95.5,6.85,5.34,5.79,5.3,-0.2
549,2023,Brad Boxberger,CHC,0,1,2,22,0,20,7.65,4.95,1.35,0.231,70.20%,43.60%,15.00%,91.4,4.95,4.77,5.31,5.01,-0.2
550,2023,Ron Marinaccio,NYY,4,5,2,45,0,47.1,10.65,5.13,1.14,0.266,74.30%,38.70%,12.00%,93.9,3.99,4.36,4.69,4.79,-0.2
551,2023,Duane Underwood Jr.,PIT,1,0,2,20,0,24.1,5.18,4.07,1.11,0.292,68.20%,44.00%,14.30%,,5.18,6.73,5.06,4.89,-0.2
552,2023,Daniel Duarte,CIN,3,0,1,31,0,31.2,6.54,5.68,1.42,0.218,81.60%,50.00%,14.30%,95.5,3.69,3.55,5.84,5.62,-0.2
553,2023,Juan Then,SEA,0,0,0,9,0,11,4.09,1.64,2.45,0.289,84.80%,63.40%,33.30%,94.5,4.91,4.73,6.44,4.24,-0.2
554,2023,Justin Garza,BOS,0,2,0,17,1,18.1,8.35,5.89,1.47,0.328,58.40%,34.40%,11.50%,94.7,7.36,8.37,5.66,5.87,-0.2
555,2023,Cody Bolton,PIT,1,0,0,16,0,21.1,9.28,6.33,1.27,0.409,74.20%,40.30%,15.00%,95.3,6.33,6.95,5.27,4.99,-0.2
556,2023,Justin Martinez,ARI,0,0,1,10,0,10,12.6,9.9,1.8,0.393,51.70%,46.70%,18.20%,100.5,12.6,5.66,6.96,6.17,-0.2
557,2023,Jackson Kowar,KCR,2,0,0,23,0,28,9.32,6.43,1.29,0.361,62.70%,44.20%,12.90%,96.9,6.43,4.61,5.29,5.26,-0.2
558,2023,Brad Keller,KCR,3,4,0,11,9,45.1,6.15,8.93,0.6,0.302,74.60%,58.30%,8.10%,,4.57,5.7,5.92,6.41,-0.2
559,2023,Karl Kauffmann,COL,2,5,0,11,3,35,4.11,4.11,1.29,0.316,50.90%,41.30%,10.60%,90.2,8.23,7.21,5.91,6.28,-0.2
560,2023,Deivi García,2 Tms,0,1,1,8,0,15,6,7.2,1.2,0.167,67.70%,43.20%,10.00%,95.1,2.4,5.06,6.26,6.73,-0.2
561,2023,Brock Burke,TEX,5,3,0,53,0,59.2,7.84,1.36,1.96,0.293,75.70%,38.60%,17.60%,94.8,4.37,4.24,4.9,4.12,-0.2
562,2023,Drew VerHagen,STL,5,1,0,60,0,61,8.85,3.84,1.33,0.262,76.60%,42.20%,11.80%,93.6,3.98,4.01,4.93,5.07,-0.2
563,2023,James Karinchak,CLE,2,5,0,44,0,39,12,6.46,1.38,0.22,79.40%,28.70%,12.80%,95.1,3.23,4.55,4.97,4.97,-0.2
564,2023,Kaleb Ort,BOS,1,2,0,21,2,23,9.39,3.52,2.35,0.313,62.90%,30.00%,15.40%,96.2,6.26,4.64,5.86,5.28,-0.2
565,2023,Casey Legumina,CIN,1,0,0,11,0,12.2,7.82,6.39,2.13,0.342,67.30%,51.20%,23.10%,94.7,5.68,4.73,6.73,5.35,-0.2
566,2023,Jimmy Herget,LAA,2,4,0,29,1,29,8.07,2.48,2.17,0.31,84.30%,28.60%,15.60%,92.7,4.66,4.39,5.63,5.06,-0.2
567,2023,Peter Solomon,ARI,0,0,0,5,0,13.1,4.05,7.43,1.35,0.319,42.00%,38.80%,11.10%,93.3,12.15,8.79,7.01,7.29,-0.2
568,2023,Chad Smith,OAK,1,2,0,10,0,13.2,5.93,4.61,1.32,0.325,66.00%,54.80%,15.40%,,6.59,5.52,5.82,5.49,-0.2
569,2023,Zack Weiss,2 Tms,1,0,0,12,0,14,9.64,3.86,2.57,0.156,96.20%,33.30%,26.70%,94.1,3.21,4.64,6.33,4.38,-0.2
570,2023,Amir Garrett,KCR,0,1,0,27,0,24.1,10.36,7.4,1.48,0.3,85.20%,47.50%,16.70%,95,3.33,4.93,5.56,5.05,-0.2
571,2023,Taylor Clarke,KCR,3,6,3,58,2,59,9.92,3.66,1.83,0.364,69.00%,31.00%,14.10%,95,5.95,5.1,5.07,4.81,-0.2
572,2023,Joey Estes,OAK,0,1,0,2,2,10,6.3,1.8,3.6,0.258,70.20%,28.60%,19.00%,93.2,7.2,7.82,8.56,6.83,-0.2
573,2023,Ryan Weathers,2 Tms,1,8,0,15,12,57.2,6.71,4.53,1.87,0.326,66.50%,37.60%,15.40%,95.2,6.55,4.67,6.03,5.56,-0.2
574,2023,Ross Stripling,SFG,0,5,0,22,11,89,7.08,1.62,2.02,0.308,72.30%,44.00%,22.00%,92.4,5.36,5.59,5.21,3.98,-0.3
575,2023,Austin Voth,BAL,1,2,0,25,0,34.2,8.83,3.89,1.56,0.324,72.00%,33.60%,12.80%,93.3,5.19,4.13,5.1,5.09,-0.3
576,2023,Nabil Crismatt,2 Tms,0,2,0,8,0,13,8.31,4.85,2.08,0.381,61.40%,50.00%,23.10%,89.1,8.31,4.3,6.26,4.91,-0.3
577,2023,Spencer Patton,OAK,0,0,0,12,0,12.1,5.11,4.38,2.19,0.256,81.10%,23.80%,12.50%,91.4,5.11,6.99,6.74,6.8,-0.3
578,2023,Nick Sandlin,CLE,5,5,0,61,0,60,9.9,3.6,1.8,0.193,76.30%,41.00%,18.80%,92.3,3.75,3.96,4.96,4.12,-0.3
579,2023,Zach Pop,TOR,1,1,0,15,0,13.2,9.22,3.95,2.63,0.219,52.60%,38.90%,33.30%,,6.59,5.62,6.33,3.98,-0.3
580,2023,Trevor Kelley,TBR,0,1,0,10,3,15.1,6.46,3.52,2.35,0.261,76.10%,34.00%,16.00%,89.8,5.87,5.34,6.78,6.08,-0.3
581,2023,Erasmo Ramírez,2 Tms,3,3,0,38,2,60.1,6.41,1.94,1.64,0.35,62.20%,43.40%,14.70%,92,6.41,5.34,5.05,4.73,-0.3
582,2023,Tommy Hunter,NYM,0,1,0,14,0,23.2,7.61,1.9,2.28,0.301,56.40%,46.80%,18.80%,92.7,6.85,5.13,5.75,4.69,-0.3
583,2023,Jonathan Heasley,KCR,0,0,0,12,0,15,5.4,1.2,3,0.261,53.80%,25.50%,22.70%,95,7.2,8.48,6.99,5.08,-0.3
584,2023,AJ Smith-Shawver,ATL,1,0,0,6,5,25.1,7.11,3.91,2.49,0.152,78.10%,37.00%,17.50%,94.6,4.26,3.79,6.69,5.71,-0.3
585,2023,Declan Cronin,CHW,0,1,0,9,0,11,6.55,5.73,2.45,0.258,50.60%,55.90%,33.30%,,9,7.21,7.8,5.61,-0.3
586,2023,Dinelson Lamet,2 Tms,1,4,0,17,4,27.2,10.41,7.48,2.28,0.427,49.80%,42.70%,20.00%,95.1,11.71,6.24,6.83,5.64,-0.3
587,2023,Hayden Wesneski,CHC,3,5,0,34,11,89.1,8.36,3.22,2.01,0.257,75.30%,40.20%,20.80%,94.5,4.63,5.23,5.48,4.35,-0.3
588,2023,Yonny Chirinos,2 Tms,5,5,0,20,9,85,5.61,2.86,1.59,0.285,68.60%,45.60%,16.00%,93.1,5.4,6.24,5.43,4.97,-0.3
589,2023,Tommy Doyle,COL,0,1,0,15,0,23.2,6.85,4.94,1.9,0.269,62.10%,43.10%,22.70%,94.1,6.85,5.89,6.13,4.92,-0.3
590,2023,Brent Headrick,MIN,3,0,1,14,0,25.2,10.52,3.51,2.45,0.303,73.70%,18.10%,15.60%,91.8,6.31,5.41,6.1,5.45,-0.3
591,2023,Carlos Carrasco,NYM,3,8,0,20,20,90,6.6,3.8,1.8,0.336,65.80%,45.00%,19.80%,92.9,6.8,6.77,5.86,4.93,-0.3
592,2023,Ryan Tepera,2 Tms,2,2,0,12,0,10.2,9.28,3.38,2.53,0.417,67.30%,45.90%,20.00%,91.7,7.59,5.2,6.82,5.49,-0.3
593,2023,Collin Snider,KCR,0,0,1,20,1,20.1,4.87,5.75,1.33,0.309,76.20%,52.90%,16.70%,95.9,4.87,5.44,6.01,5.55,-0.3
594,2023,Cooper Criswell,TBR,1,1,0,10,0,33,7.36,3,1.64,0.33,68.70%,44.40%,19.40%,,5.73,5.16,5.35,4.54,-0.3
595,2023,Javy Guerra,2 Tms,0,0,0,17,2,19.1,6.52,10.24,0.93,0.263,73.30%,37.90%,8.70%,98,6.05,7.3,6.88,7.5,-0.3
596,2023,Devin Smeltzer,MIA,0,1,0,9,1,22.1,6.45,1.61,2.82,0.319,69.90%,34.20%,20.00%,89.4,6.45,7.73,6.97,5.49,-0.3
597,2023,Freddy Tarnok,OAK,1,1,0,5,1,14.2,8.59,6.75,2.45,0.194,85.40%,25.00%,17.40%,95.2,4.91,7.3,7.14,6.19,-0.3
598,2023,Luis L. Ortiz,PIT,5,5,0,18,15,86.2,6.13,4.98,1.35,0.309,75.70%,47.90%,14.10%,96.1,4.78,6.86,5.57,5.38,-0.3
599,2023,Daniel Norris,CLE,0,0,0,7,0,12.2,7.82,8.53,2.13,0.194,63.80%,39.50%,15.80%,88.7,5.68,7.82,7.68,7.08,-0.3
600,2023,Adam Wainwright,STL,5,11,0,21,21,101,4.9,3.65,1.78,0.357,63.00%,40.10%,13.90%,85.9,7.4,7.35,5.99,5.77,-0.4
601,2023,Parker Mushinski,HOU,0,0,0,14,0,14.2,9.2,2.45,3.07,0.341,90.00%,50.00%,35.70%,93.1,5.52,5.37,7.28,4.42,-0.4
602,2023,Andrew Suárez,STL,0,0,0,13,0,27.2,5.53,4.88,2.28,0.286,55.00%,41.80%,16.70%,92.6,7.16,5.85,6.94,6.16,-0.4
603,2023,Bryan Hoeing,MIA,2,3,0,33,7,70.2,6.75,3.18,1.66,0.275,66.40%,45.10%,15.10%,94,5.48,5.3,5.29,4.91,-0.4
604,2023,Rico Garcia,2 Tms,0,0,0,10,0,11.2,7.71,4.63,3.86,0.359,72.20%,27.30%,25.00%,95.3,9.26,8.79,8.66,5.92,-0.4
605,2023,Ronel Blanco,HOU,2,1,0,17,7,52,9,4.85,2.08,0.28,80.40%,34.70%,17.90%,94.5,4.5,5.13,5.99,5.12,-0.4
606,2023,Cory Abbott,WSN,1,2,0,22,0,39.1,9.15,4.35,2.06,0.351,71.90%,39.20%,20.50%,92.3,6.64,5.2,5.95,4.82,-0.4
607,2023,Jordan Balazovic,MIN,1,0,0,18,0,24.1,6.29,4.44,1.85,0.284,80.70%,44.30%,17.20%,95.1,4.44,5.44,6.01,5.31,-0.4
608,2023,Stephen Nogosek,NYM,0,1,0,13,0,25.2,8.77,4.91,2.1,0.31,78.60%,37.70%,18.80%,94.6,5.61,5.66,6.22,5.24,-0.4
609,2023,Alek Manoah,TOR,3,9,0,19,19,87.1,8.14,6.08,1.55,0.308,71.40%,37.70%,13.80%,92.9,5.87,6.12,6.01,5.85,-0.4
610,2023,Michael Soroka,ATL,2,2,0,7,6,32.1,8.07,3.34,2.51,0.297,73.60%,44.90%,26.50%,93.1,6.4,5.7,6.56,4.68,-0.4
611,2023,Madison Bumgarner,ARI,0,3,0,4,4,16.2,5.4,8.1,2.16,0.35,59.30%,37.50%,15.40%,89.6,10.26,8.96,8.06,7.51,-0.4
612,2023,Jeurys Familia,OAK,0,1,2,14,0,12.2,6.39,9.24,1.42,0.282,62.00%,52.50%,15.40%,94.8,6.39,6,7.2,6.85,-0.4
613,2023,Casey Lawrence,STL,1,0,0,15,0,27.1,6.59,3.29,2.3,0.301,70.20%,32.60%,14.90%,90,6.59,4.42,6.44,5.95,-0.4
614,2023,Albert Abreu,NYY,2,2,0,45,0,59,9.31,5.34,1.37,0.274,67.20%,46.10%,14.80%,97.3,4.73,4.61,5.26,4.98,-0.4
615,2023,Jeremiah Estrada,CHC,0,0,0,12,0,10.2,10.97,10.12,3.37,0.296,87.00%,22.60%,25.00%,95.9,6.75,12.64,9.07,6.67,-0.4
616,2023,Brent Honeywell,2 Tms,2,4,0,40,0,52.1,7.74,3.96,1.72,0.285,77.60%,48.80%,19.20%,95,4.82,5.74,5.62,4.78,-0.4
617,2023,Andrés Machado,WSN,4,1,0,44,0,50,7.74,2.34,2.16,0.297,75.70%,42.10%,24.00%,96.7,5.22,5.52,5.5,4.03,-0.4
618,2023,Thaddeus Ward,WSN,0,0,0,26,0,35.1,7.64,7.13,1.78,0.237,67.10%,45.50%,17.50%,93.5,6.37,5.52,6.68,5.98,-0.4
619,2023,Jorge Alcala,MIN,0,1,0,11,0,17.1,8.31,5.19,2.6,0.209,66.70%,35.40%,21.70%,95.9,6.23,5.74,7.06,5.51,-0.4
620,2023,Tim Hill,SDP,1,4,0,48,0,44.1,5.28,2.84,1.42,0.349,62.10%,61.20%,20.00%,90.9,5.48,5.03,5.49,4.74,-0.4
621,2023,Dylan Coleman,KCR,0,2,0,23,1,18.1,10.31,9.33,1.47,0.313,60.90%,35.30%,15.80%,95.3,8.84,5.55,7.02,6.6,-0.4
622,2023,Lyon Richardson,CIN,0,2,0,4,4,16.2,6.48,8.1,3.24,0.229,67.80%,48.10%,28.60%,96.3,8.64,8.07,9.2,6.6,-0.4
623,2023,Gavin Stone,LAD,1,1,1,8,4,31,6.39,3.77,2.32,0.355,58.20%,45.50%,22.90%,94.2,9,6.4,6.64,5.15,-0.5
624,2023,Adam Oller,OAK,1,1,0,9,1,19.2,5.95,5.49,2.29,0.343,51.40%,29.30%,13.90%,94,10.07,7.82,7.22,6.94,-0.5
625,2023,Chris Flexen,2 Tms,2,8,0,29,16,102.1,6.51,3.34,2.2,0.332,67.10%,39.10%,19.40%,92.1,6.86,6.2,6.22,5.12,-0.5
626,2023,Gavin Hollowell,COL,2,0,1,26,0,33.2,8.55,4.81,2.14,0.256,73.10%,32.00%,18.60%,93.6,5.88,5.44,6.58,5.6,-0.5
627,2023,Zach Neal,OAK,1,1,0,14,2,27,8.33,4.67,2.67,0.293,69.00%,34.10%,29.60%,89.2,6.67,7.49,7.03,4.83,-0.5
628,2023,José Suarez,LAA,1,3,0,11,7,33.2,7.49,5.35,2.67,0.34,66.00%,33.30%,18.20%,92.3,8.29,6,7.32,6.16,-0.5
629,2023,Wandy Peralta,NYY,4,2,4,63,0,54,8.5,5,1.17,0.218,85.20%,57.40%,18.90%,95.8,2.83,4.7,5.05,4.5,-0.5
630,2023,Noah Syndergaard,2 Tms,2,6,0,18,18,88.2,5.68,1.93,2.23,0.289,66.50%,37.20%,18.30%,92.3,6.5,6.48,6.2,5.21,-0.5
631,2023,Amos Willingham,WSN,0,2,0,18,0,24.1,5.55,3.33,2.96,0.325,79.90%,36.30%,18.20%,95.8,6.66,6.95,7.53,6.24,-0.5
632,2023,Alec Marsh,KCR,3,9,0,17,8,74.1,10.29,4.72,1.94,0.316,73.10%,34.60%,18.40%,94.4,5.69,5.92,5.7,4.84,-0.5
633,2023,Dylan Dodd,ATL,2,2,0,7,7,34.1,3.93,3.15,2.36,0.346,69.30%,35.60%,14.50%,92.5,7.6,8.42,6.92,6.5,-0.5
634,2023,Daniel Bard,COL,4,2,1,50,0,49.1,8.57,8.94,0.91,0.244,72.90%,36.70%,8.60%,94.7,4.56,6.12,6.13,6.76,-0.5
635,2023,Chase De Jong,PIT,0,0,0,6,0,11.1,5.56,4.76,4.76,0.308,51.10%,24.40%,22.20%,92.3,13.5,8.42,11.02,8.08,-0.5
636,2023,José Ureña,2 Tms,0,7,0,10,10,44.2,5.84,4.43,2.62,0.268,65.70%,47.30%,24.50%,95.7,6.45,5.77,7.28,5.46,-0.5
637,2023,Jimmy Lambert,CHW,2,3,1,35,1,37.2,9.8,4.78,2.39,0.31,75.00%,34.30%,20.40%,94.3,5.26,5.74,6.2,4.9,-0.5
638,2023,Garrett Hill,DET,0,0,1,9,0,15.2,8.04,8.04,2.3,0.319,49.30%,44.00%,18.20%,94,9.19,5.89,7.66,6.66,-0.5
639,2023,Josh Fleming,TBR,2,0,0,12,3,51.2,4.35,3.31,1.57,0.28,73.70%,59.70%,25.70%,91.7,4.7,5.37,5.66,4.51,-0.5
640,2023,Drew Rucinski,OAK,0,4,0,4,4,18,3,7,2.5,0.319,57.10%,44.60%,18.50%,89.5,9,7.35,8.7,7.57,-0.6
641,2023,Chad Kuhl,WSN,0,4,1,16,5,38.1,7.28,6.57,1.88,0.333,59.90%,30.60%,15.10%,94.1,8.45,8.79,6.78,6.35,-0.6
642,2023,Glenn Otto,TEX,0,0,0,6,0,10.2,9.28,5.06,5.06,0.286,69.00%,44.10%,42.90%,93.6,10.12,7.4,10.19,5.05,-0.6
643,2023,Quinn Priester,PIT,3,3,0,10,8,50,6.48,4.86,2.16,0.295,63.20%,52.40%,26.70%,92.7,7.74,6.28,6.74,5.1,-0.6
644,2023,Adam Cimber,TOR,0,2,1,22,0,20.2,5.23,3.05,2.61,0.288,65.20%,47.90%,28.60%,85.3,7.4,6.2,7.46,5.37,-0.6
645,2023,Jake Woodford,STL,2,3,0,15,8,47.2,5.48,4.15,2.08,0.318,73.70%,51.20%,22.90%,92.7,6.23,7.04,6.61,5.28,-0.6
646,2023,Jeff Brigham,NYM,1,3,0,37,0,37.2,10.04,4.3,2.15,0.198,71.40%,34.00%,19.60%,93.7,5.26,4.64,5.96,4.88,-0.6
647,2023,Luis Severino,NYY,4,8,0,19,18,89.1,7.96,3.43,2.32,0.326,65.90%,42.20%,20.90%,96.6,6.65,5.89,6.14,4.83,-0.6
648,2023,Joey Wentz,DET,3,13,0,25,19,105.2,8.35,4,2.13,0.329,63.60%,37.30%,16.30%,93.5,6.9,5.77,5.81,5.13,-0.6
649,2023,José Ruiz,2 Tms,2,1,0,38,1,44.1,7.92,4.26,2.03,0.321,73.90%,39.00%,19.60%,96.5,5.89,5.44,6.26,5.22,-0.6
650,2023,Kyle Muller,OAK,1,5,0,21,13,77,6.55,4.56,1.87,0.372,67.60%,42.40%,16.70%,93.8,7.6,7.4,6.14,5.5,-0.7
651,2023,Jaime Barria,LAA,2,6,0,34,6,82.1,6.78,3.28,2.19,0.286,63.20%,36.30%,16.70%,92.9,5.68,5.41,6.07,5.32,-0.7
652,2023,Mason Englert,DET,4,3,0,31,1,56,6.59,2.73,1.93,0.304,67.90%,37.60%,16.00%,91.3,5.46,6.56,5.59,5.02,-0.7
653,2023,Matt Bush,MIL,0,2,1,12,0,10.1,8.71,5.23,4.35,0.222,60.00%,28.10%,41.70%,94.8,9.58,10.87,9.35,4.98,-0.7
654,2023,Johnny Cueto,MIA,1,4,0,13,10,52.1,6.71,2.58,2.92,0.236,73.00%,33.10%,22.40%,92.1,6.02,5.13,7.02,5.2,-0.7
655,2023,Corey Kluber,BOS,3,6,1,15,9,55,6.87,3.44,2.78,0.301,67.00%,30.20%,18.90%,88.5,7.04,6.32,7.11,5.8,-0.8
656,2023,Dominic Leone,3 Tms,1,3,1,51,0,54,9,4.67,2.33,0.255,85.90%,37.10%,21.20%,95.7,4.67,5.3,6.29,4.94,-0.8
657,2023,Eric Lauer,MIL,4,6,0,10,9,46.2,8.29,4.63,3.09,0.297,70.10%,25.00%,21.60%,91.2,6.56,7.54,7.41,5.58,-0.8
658,2023,Michael Kopech,CHW,5,12,0,30,27,129.1,9.32,6.33,2.02,0.264,77.70%,35.50%,17.40%,95.4,5.43,5.77,6.46,5.68,-0.9
659,2023,Jorge López,3 Tms,6,2,3,61,0,59,7.47,3.36,1.83,0.314,68.60%,47.60%,21.40%,96.9,5.95,5.41,5.76,4.69,-1
