#,Name,Team,W,L,ERA,G,GS,CG,ShO,SV,HLD,BS,IP,TBF,H,R,ER,HR,BB,IBB,HBP,WP,BK,SO
1,Spencer Strider,ATL,20,5,3.86,32,32,0,0,0,0,0,186.2,763,146,85,80,22,58,1,9,6,2,281
2,Kevin Gausman,TOR,12,9,3.16,31,31,0,0,0,0,0,185,763,163,72,65,19,55,0,3,3,2,237
3,Blake Snell,SDP,14,9,2.25,32,32,0,0,0,0,0,180,742,115,47,45,15,99,0,3,13,2,234
4,Pablo López,MIN,11,8,3.66,32,32,1,1,0,0,0,194,801,176,81,79,24,48,1,9,7,0,234
5,Gerrit Cole,NYY,15,4,2.63,33,33,2,2,0,0,0,209,821,157,64,61,20,48,0,7,4,1,222
6,Zac Gallen,ARI,17,9,3.47,34,34,1,1,0,0,0,210,846,188,87,81,22,47,0,5,8,1,220
7,Luis Castillo,SEA,14,9,3.34,33,33,0,0,0,0,0,197,802,160,81,73,28,56,0,5,3,0,219
8,Dylan Cease,CHW,7,9,4.58,33,33,0,0,0,0,0,177,784,172,98,90,19,79,3,9,14,0,214
9,Zack Wheeler,PHI,13,6,3.61,32,32,0,0,0,0,0,192,787,168,82,77,20,39,0,9,1,0,212
10,Mitch Keller,PIT,13,9,4.21,32,32,1,1,0,0,0,194.1,825,187,97,91,25,55,0,12,5,1,210
11,Freddy Peralta,MIL,12,10,3.86,30,30,0,0,0,0,0,165.2,680,131,77,71,26,54,0,6,6,1,210
12,Jesús Luzardo,MIA,10,10,3.58,32,32,0,0,0,0,0,178.2,741,162,79,71,22,55,1,6,7,1,208
13,Lucas Giolito,3 Tms,8,15,4.88,33,33,0,0,0,0,0,184.1,794,169,110,100,41,73,2,9,5,0,204
14,Aaron Nola,PHI,12,9,4.46,32,32,0,0,0,0,0,193.2,793,178,105,96,32,45,0,1,2,0,202
15,Kodai Senga,NYM,12,7,2.98,29,29,0,0,0,0,0,166.1,694,126,60,55,17,77,0,5,14,1,202
16,Framber Valdez,HOU,12,11,3.45,31,31,2,2,0,0,0,198,808,166,86,76,19,57,0,10,6,0,200
17,Corbin Burnes,MIL,10,8,3.39,32,32,0,0,0,0,0,193.2,784,141,77,73,22,66,0,8,10,1,200
18,Joe Ryan,MIN,11,10,4.51,29,29,1,1,0,0,0,161.2,672,155,83,81,32,34,0,6,3,0,197
19,Logan Webb,SFG,11,13,3.25,33,33,2,1,0,0,0,216,850,201,83,78,20,31,0,5,1,0,194
20,Lance Lynn,2 Tms,13,11,5.73,32,32,0,0,0,0,0,183.2,808,189,127,117,44,67,1,9,3,0,191
21,Logan Gilbert,SEA,13,7,3.73,32,32,1,1,0,0,0,190.2,770,169,82,79,29,36,1,2,6,0,189
22,Merrill Kelly,ARI,12,8,3.29,30,30,0,0,0,0,0,177.2,722,143,71,65,20,69,0,4,3,4,187
23,Chris Bassitt,TOR,16,8,3.6,33,33,1,1,0,0,0,200,826,176,88,80,28,59,2,12,4,3,186
24,Zach Eflin,TBR,16,8,3.5,31,31,0,0,0,0,0,177.2,703,158,69,69,19,24,1,3,0,0,186
25,José Berríos,TOR,11,12,3.65,32,32,0,0,0,0,0,189.2,782,173,82,77,25,52,3,9,4,1,184
26,Charlie Morton,ATL,14,12,3.64,30,30,0,0,0,0,0,163.1,716,150,70,66,14,83,2,12,4,2,183
27,Sonny Gray,MIN,8,8,2.79,32,32,0,0,0,0,0,184,754,156,59,57,8,55,0,6,6,1,183
28,Nick Pivetta,BOS,10,9,4.04,38,16,0,0,1,2,1,142.2,587,110,69,64,23,50,1,6,5,1,183
29,Yusei Kikuchi,TOR,11,6,3.86,32,32,0,0,0,0,0,167.2,700,165,78,72,27,48,0,4,7,0,181
30,Hunter Brown,HOU,11,13,5.09,31,29,0,0,0,0,0,155.2,665,157,94,88,26,55,0,9,4,0,178
31,Justin Steele,CHC,16,5,3.06,30,30,0,0,0,0,0,173.1,716,167,71,59,14,36,0,7,9,1,176
32,Max Scherzer,2 Tms,13,6,3.77,27,27,0,0,0,0,0,152.2,621,126,65,64,28,45,0,4,2,0,174
33,George Kirby,SEA,13,10,3.35,31,31,1,0,0,0,0,190.2,757,179,74,71,22,19,1,6,1,0,172
34,Kyle Bradish,BAL,12,7,2.83,30,30,0,0,0,0,0,168.2,671,132,54,53,14,44,0,8,9,0,168
35,Reid Detmers,LAA,4,10,4.48,28,28,0,0,0,0,0,148.2,644,141,81,74,19,60,2,13,7,0,168
36,Shohei Ohtani,LAA,10,5,3.14,23,23,1,1,0,0,0,132,531,85,50,46,18,55,0,11,12,0,167
37,Jordan Montgomery,2 Tms,10,11,3.2,32,32,0,0,0,0,0,188.2,777,177,75,67,18,48,0,4,6,0,166
38,Tyler Glasnow,TBR,10,7,3.53,21,21,0,0,0,0,0,120,485,93,52,47,13,37,0,1,11,0,162
39,JP Sears,OAK,5,14,4.54,32,32,0,0,0,0,0,172.1,735,165,90,87,34,53,2,16,2,0,161
40,Cristian Javier,HOU,10,5,4.56,31,31,0,0,0,0,0,162,687,143,85,82,25,62,0,7,4,0,159
41,Johan Oviedo,PIT,9,14,4.31,32,32,1,1,0,0,0,177.2,781,161,91,85,19,83,1,13,7,3,158
42,Kyle Gibson,BAL,15,9,4.73,33,33,0,0,0,0,0,192,807,198,101,101,23,55,0,6,8,0,157
43,Dean Kremer,BAL,13,5,4.12,32,32,0,0,0,0,0,172.2,735,171,85,79,27,55,0,5,5,0,157
44,Braxton Garrett,MIA,9,7,3.66,31,30,0,0,0,0,0,159.2,659,154,68,65,20,29,0,11,4,0,156
45,Hunter Greene,CIN,4,7,4.82,22,22,0,0,0,0,0,112,498,111,65,60,19,48,0,8,5,0,152
46,Andrew Heaney,TEX,10,6,4.15,34,28,0,0,0,2,1,147.1,641,143,74,68,23,60,0,10,3,0,151
47,Sandy Alcantara,MIA,7,12,4.14,28,28,3,1,0,0,0,184.2,762,176,91,85,22,48,0,5,4,1,151
48,MacKenzie Gore,WSN,7,10,4.42,27,27,0,0,0,0,0,136.1,582,134,71,67,27,57,0,1,6,0,151
49,Clarke Schmidt,NYY,9,9,4.64,33,32,0,0,0,0,0,159,694,169,91,82,24,46,0,11,11,2,149
50,Jack Flaherty,2 Tms,8,9,4.99,29,27,0,0,0,1,0,144.1,650,162,83,80,17,66,2,12,8,0,148
51,Bailey Ober,MIN,8,6,3.43,26,26,0,0,0,0,0,144.1,577,125,58,55,22,29,0,7,1,0,146
52,Justin Verlander,2 Tms,13,8,3.22,27,27,0,0,0,0,0,162.1,669,139,63,58,18,45,0,5,5,0,144
53,Eduardo Rodriguez,DET,13,9,3.3,26,26,0,0,0,0,0,152.2,621,128,59,56,15,48,0,3,3,0,143
54,Josiah Gray,WSN,8,13,3.91,30,30,0,0,0,0,0,159,698,152,72,69,22,80,1,9,9,0,143
55,Jon Gray,TEX,9,8,4.12,29,29,1,0,0,0,0,157.1,656,149,75,72,22,54,1,9,4,0,142
56,Drew Smyly,CHC,11,11,5,41,23,0,0,0,1,2,142.1,626,147,89,79,26,56,0,6,9,1,141
57,Yu Darvish,SDP,8,10,4.56,24,24,0,0,0,0,0,136.1,574,134,71,69,18,43,0,8,1,1,141
58,Tanner Bibee,CLE,10,4,2.98,25,25,0,0,0,0,0,142,585,122,49,47,13,45,0,5,7,2,141
59,Jameson Taillon,CHC,8,10,4.84,30,29,0,0,1,0,0,154.1,655,156,96,83,27,41,0,5,2,0,140
60,Seth Lugo,SDP,8,7,3.57,26,26,0,0,0,0,0,146.1,604,140,62,58,19,36,0,3,3,0,140
61,Dane Dunning,TEX,12,7,3.7,35,26,0,0,0,2,0,172.2,722,163,73,71,20,55,0,10,6,0,140
62,Griffin Canning,LAA,7,8,4.32,24,22,0,0,0,0,0,127,536,121,62,61,22,36,1,5,4,0,139
63,Taijuan Walker,PHI,15,6,4.38,31,31,0,0,0,0,0,172.2,733,155,87,84,20,71,1,8,3,1,138
64,Clayton Kershaw,LAD,13,5,2.46,24,24,0,0,0,0,0,131.2,523,100,39,36,19,40,0,3,6,2,137
65,Miles Mikolas,STL,9,13,4.78,35,35,0,0,0,0,0,201.1,860,226,110,107,26,39,0,8,4,0,137
66,Kutter Crawford,BOS,6,8,4.04,31,23,0,0,0,2,0,129.1,527,107,59,58,17,36,0,5,4,0,135
67,Michael Kopech,CHW,5,12,5.43,30,27,0,0,0,0,0,129.1,591,115,80,78,29,91,0,11,9,0,134
68,Brady Singer,KCR,8,11,5.52,29,29,0,0,0,0,0,159.2,702,182,102,98,20,49,0,8,3,0,133
69,Nathan Eovaldi,TEX,12,5,3.63,25,25,2,1,0,0,0,144,577,117,59,58,15,47,0,6,2,0,132
70,Brayan Bello,BOS,12,11,4.24,28,28,0,0,0,0,0,157,668,165,77,74,24,45,0,6,1,0,132
71,Ken Waldichuk,OAK,4,9,5.36,35,22,0,0,1,0,0,141,639,149,93,84,24,71,1,9,7,1,132
72,Alex Cobb,SFG,7,7,3.87,28,28,2,1,0,0,0,151.1,646,163,69,65,19,37,0,6,7,5,131
73,Rich Hill,2 Tms,8,14,5.41,32,27,0,0,0,0,1,146.1,660,165,98,88,23,58,0,7,2,1,129
74,Taj Bradley,TBR,5,8,5.59,23,21,0,0,0,0,0,104.2,460,106,69,65,23,39,0,1,6,0,129
75,Grayson Rodriguez,BAL,7,4,4.35,23,23,0,0,0,0,0,122,515,121,62,59,16,42,0,2,4,0,129
76,Sean Manaea,SFG,7,6,4.44,37,10,0,0,1,1,0,117.2,499,104,68,58,14,42,0,8,3,0,128
77,Patrick Sandoval,LAA,7,13,4.11,28,28,0,0,0,0,0,144.2,652,145,89,66,12,74,2,4,5,0,128
78,David Peterson,NYM,3,8,5.03,27,21,1,0,0,1,0,111,492,124,64,62,16,50,0,6,6,0,128
79,Bryce Elder,ATL,12,4,3.81,31,31,0,0,0,0,0,174.2,732,160,79,74,19,63,0,8,11,1,128
80,Michael King,NYY,4,8,2.75,49,9,0,0,6,8,4,104.2,431,88,35,32,10,32,1,5,2,1,127
81,Chris Sale,BOS,6,5,4.3,20,20,0,0,0,0,0,102.2,425,87,52,49,15,29,0,8,3,0,125
82,Patrick Corbin,WSN,10,15,5.2,32,32,0,0,0,0,0,180,790,210,113,104,33,57,0,4,6,0,124
83,Michael Wacha,SDP,14,4,3.22,24,24,0,0,0,0,0,134.1,553,113,49,48,15,43,0,3,3,1,124
84,Shane McClanahan,TBR,11,2,3.29,21,21,0,0,0,0,0,115,469,95,42,42,15,41,0,0,1,0,121
85,Jordan Lyles,KCR,6,17,6.28,31,31,3,0,0,0,0,177.2,748,176,130,124,39,45,0,6,10,0,120
86,Andrew Abbott,CIN,8,6,3.87,21,21,0,0,0,0,0,109.1,459,100,47,47,16,44,0,1,1,1,120
87,Tyler Anderson,LAA,6,6,5.43,27,25,0,0,0,0,0,141,629,146,90,85,20,64,1,7,6,2,119
88,Marcus Stroman,CHC,10,9,3.95,27,25,1,1,0,0,1,136.2,575,120,68,60,9,52,0,3,3,0,119
89,Ranger Suárez,PHI,4,6,4.18,22,22,0,0,0,0,0,125,540,129,59,58,13,48,0,2,4,0,119
90,Bobby Miller,LAD,11,4,3.76,22,22,0,0,0,0,0,124.1,505,105,53,52,12,32,0,6,10,0,119
91,Logan Allen,CLE,7,8,3.81,24,24,0,0,0,0,0,125.1,537,127,55,53,16,48,0,1,1,0,119
92,Bryce Miller,SEA,8,7,4.32,25,25,0,0,0,0,0,131.1,537,124,64,63,18,26,0,7,2,0,119
93,Edward Cabrera,MIA,7,7,4.24,22,20,0,0,0,0,0,99.2,434,78,48,47,11,66,0,4,1,3,118
94,Julio Urías,LAD,11,8,4.6,21,21,0,0,0,0,0,117.1,482,112,61,60,24,24,0,6,2,1,117
95,Kenta Maeda,MIN,6,8,4.23,21,20,0,0,0,0,0,104.1,428,94,50,49,17,28,0,3,2,0,117
96,Tyler Wells,BAL,7,6,3.64,25,20,0,0,1,0,0,118.2,470,83,50,48,25,34,0,4,3,2,117
97,Aaron Civale,2 Tms,7,5,3.46,23,23,0,0,0,0,0,122.1,504,109,47,47,12,33,0,5,5,0,116
98,Domingo Germán,NYY,5,7,4.56,20,19,1,1,0,0,0,108.2,444,83,61,55,20,34,0,6,2,0,114
99,Cole Ragans,2 Tms,7,5,3.47,29,12,0,0,0,3,0,96,392,70,40,37,7,41,1,2,6,0,113
100,Michael Lorenzen,2 Tms,9,9,4.18,29,25,1,1,1,0,0,153,624,138,76,71,20,47,0,2,4,1,111
101,Trevor Williams,WSN,6,10,5.55,30,30,0,0,0,0,0,144.1,659,178,97,89,34,53,1,5,0,2,111
102,Graham Ashcraft,CIN,7,9,4.76,26,26,0,0,0,0,0,145.2,624,148,78,77,23,52,0,10,3,1,111
103,Colin Rea,MIL,6,6,4.55,26,22,0,0,0,0,0,124.2,517,110,65,63,23,38,0,4,2,1,110
104,Mike Clevinger,CHW,9,9,3.77,24,24,2,0,0,0,0,131.1,549,121,56,55,16,40,0,9,6,0,110
105,Félix Bautista,BAL,8,2,1.48,56,0,0,0,33,1,6,61,237,30,14,10,4,26,0,2,7,0,110
106,Luke Weaver,3 Tms,3,6,6.4,29,25,0,0,0,0,0,123.2,563,155,90,88,29,40,0,4,3,0,109
107,Matt Strahm,PHI,9,5,3.29,56,10,0,0,2,11,3,87.2,351,68,34,32,11,21,0,3,1,1,108
108,Eury Pérez,MIA,5,6,3.15,19,19,0,0,0,0,0,91.1,374,72,35,32,15,31,0,2,6,1,108
109,Shane Bieber,CLE,6,6,3.8,21,21,1,0,0,0,0,128,533,124,56,54,14,34,0,3,8,1,107
110,Matt Brash,SEA,9,4,3.06,78,0,0,0,4,24,5,70.2,308,65,26,24,3,29,0,6,11,0,107
111,Nick Martinez,SDP,6,4,3.43,63,9,0,0,1,15,6,110.1,461,99,45,42,12,40,1,3,3,0,106
112,Luis Medina,OAK,3,10,5.42,23,17,0,0,0,0,0,109.2,495,109,73,66,14,57,2,8,11,2,106
113,Trevor Richards,TOR,2,1,4.95,56,3,0,0,0,11,2,72.2,315,63,41,40,13,35,3,2,5,0,105
114,Tylor Megill,NYM,9,8,4.7,25,25,0,0,0,0,0,126.1,567,141,76,66,18,58,0,6,8,0,105
115,Paul Blackburn,OAK,4,7,4.43,21,20,0,0,0,0,1,103.2,464,117,54,51,11,43,1,3,1,0,104
116,Tanner Scott,MIA,9,5,2.31,74,0,0,0,12,24,4,78,307,53,22,20,3,24,3,4,1,0,104
117,Aroldis Chapman,2 Tms,6,5,3.09,61,0,0,0,6,14,5,58.1,249,37,24,20,4,36,2,1,9,2,103
118,Reese Olson,DET,5,7,3.99,21,18,0,0,0,1,0,103.2,422,83,49,46,14,33,0,1,4,1,103
119,Tarik Skubal,DET,7,3,2.8,15,15,0,0,0,0,0,80.1,310,58,28,25,4,14,0,3,1,0,102
120,James Paxton,BOS,7,5,4.5,19,19,0,0,0,0,0,96,411,93,51,48,18,33,0,2,5,0,101
121,J.P. France,HOU,11,6,3.83,24,23,0,0,0,0,0,136.1,581,138,64,58,19,47,0,2,6,0,101
122,Bryan Abreu,HOU,3,2,1.75,72,0,0,0,5,24,4,72,287,44,17,14,6,31,0,3,1,0,100
123,Tanner Houck,BOS,6,10,5.01,21,21,0,0,0,0,0,106,463,104,61,59,14,41,0,6,1,0,99
124,Jake Irvin,WSN,3,7,4.61,24,24,0,0,0,0,0,121,530,118,66,62,20,54,0,8,2,1,99
125,Fernando Cruz,CIN,1,2,4.91,58,2,0,0,0,7,0,66,279,52,39,36,6,28,0,2,5,0,98
126,Steven Matz,STL,4,7,3.86,25,17,0,0,0,0,0,105,449,108,48,45,11,32,0,3,2,2,98
127,Julian Merryweather,CHC,5,1,3.38,69,0,0,0,2,17,2,72,303,58,28,27,8,36,0,1,3,0,98
128,Joey Wentz,DET,3,13,6.9,25,19,0,0,0,0,0,105.2,492,131,87,81,25,47,0,0,2,2,98
129,Brandon Williamson,CIN,5,5,4.46,23,23,0,0,0,0,0,117,491,111,63,58,18,39,0,2,4,2,98
130,Zack Greinke,KCR,2,15,5.06,30,27,0,0,0,0,0,142.1,593,158,82,80,25,23,0,4,2,1,97
131,Joe Musgrove,SDP,10,3,3.05,17,17,0,0,0,0,0,97.1,399,90,35,33,10,21,1,9,2,1,97
132,Adrian Houser,MIL,8,5,4.12,23,21,0,0,0,0,0,111.1,481,121,56,51,13,34,0,1,2,0,96
133,Jakob Junis,SFG,4,3,3.87,40,4,0,0,1,2,0,86,367,90,42,37,12,21,1,5,5,0,96
134,Cristopher Sánchez,PHI,3,5,3.44,19,18,0,0,0,0,0,99.1,396,88,44,38,16,16,0,3,3,0,96
135,Ryne Nelson,ARI,8,8,5.31,29,27,0,0,0,0,0,144,619,159,87,85,24,46,0,1,6,1,96
136,Craig Kimbrel,PHI,8,6,3.26,71,0,0,0,23,7,5,69,278,44,28,25,10,28,1,4,4,2,94
137,Kyle Freeland,COL,6,14,5.03,29,29,0,0,0,0,0,155.2,677,187,96,87,29,42,0,1,2,0,94
138,Javier Assad,CHC,5,3,3.05,32,10,0,0,0,2,1,109.1,449,93,38,37,13,41,1,3,3,1,94
139,Brandon Pfaadt,ARI,3,9,5.72,19,18,0,0,0,0,0,96,421,109,63,61,22,26,0,3,0,0,94
140,Martín Pérez,TEX,10,4,4.45,35,20,0,0,0,2,0,141.2,608,150,74,70,21,49,1,4,2,3,93
141,Kyle Hendricks,CHC,6,8,3.74,24,24,0,0,0,0,0,137,578,138,68,57,13,27,0,4,0,0,93
142,Bryan Woo,SEA,4,5,4.21,18,18,0,0,0,0,0,87.2,371,75,44,41,13,31,1,7,1,0,93
143,Pierce Johnson,2 Tms,2,6,4.02,67,0,0,0,13,12,3,62.2,277,63,34,28,10,30,1,0,4,0,90
144,Devin Williams,MIL,8,3,1.53,61,0,0,0,36,0,4,58.2,231,26,13,10,4,28,1,1,1,0,87
145,Austin Gomber,COL,9,9,5.5,27,27,0,0,0,0,0,139,603,164,88,85,26,43,1,3,5,0,87
146,Camilo Doval,SFG,6,6,2.93,69,0,0,0,39,0,8,67.2,281,51,32,22,3,26,6,8,10,3,87
147,Scott McGough,ARI,2,7,4.73,63,1,0,0,9,14,5,70.1,301,60,40,37,14,30,2,2,3,0,86
148,Alexis Díaz,CIN,9,6,3.07,71,0,0,0,37,2,3,67.1,286,44,30,23,4,36,0,10,3,0,86
149,Josh Hader,SDP,2,3,1.28,61,0,0,0,33,0,5,56.1,231,32,11,8,3,30,2,3,3,0,85
150,Touki Toussaint,2 Tms,4,7,4.97,20,16,0,0,0,0,0,87,384,69,48,48,10,57,0,7,3,1,85
151,Alec Marsh,KCR,3,9,5.69,17,8,0,0,0,0,0,74.1,342,77,50,47,16,39,0,9,1,0,85
152,Jhoan Duran,MIN,3,6,2.45,59,0,0,0,27,1,5,62.1,255,46,25,17,6,25,5,4,8,0,84
153,Reynaldo López,3 Tms,3,7,3.27,68,0,0,0,6,22,6,66,278,50,25,24,8,34,2,1,4,1,83
154,Hayden Wesneski,CHC,3,5,4.63,34,11,0,0,0,2,1,89.1,379,82,50,46,20,32,1,3,2,0,83
155,Shintaro Fujinami,2 Tms,7,8,7.18,64,7,0,0,2,5,4,79,357,73,65,63,9,45,1,7,8,0,83
156,A.J. Minter,ATL,3,6,3.76,70,0,0,0,10,21,3,64.2,260,56,28,27,6,21,2,0,1,1,82
157,Tony Gonsolin,LAD,8,5,4.98,20,20,0,0,0,0,0,103,435,86,61,57,19,40,1,7,2,0,82
158,Josh Winckowski,BOS,4,4,2.88,60,1,0,0,3,18,4,84.1,367,89,34,27,9,31,2,3,2,0,82
159,Chris Stratton,2 Tms,2,1,3.92,64,0,0,0,1,7,2,82.2,338,69,39,36,8,25,0,2,5,0,81
160,Jordan Hicks,2 Tms,3,9,3.29,65,0,0,0,12,13,3,65.2,285,57,30,24,4,32,1,4,8,0,81
161,Gavin Williams,CLE,3,5,3.29,16,16,0,0,0,0,0,82,345,66,32,30,8,37,1,4,3,0,81
162,Kirby Yates,ATL,7,2,3.28,61,0,0,0,5,9,3,60.1,254,35,22,22,9,37,1,5,5,1,80
163,Max Fried,ATL,8,1,2.55,14,14,1,1,0,0,0,77.2,311,70,24,22,7,18,0,2,3,0,80
164,Paul Sewald,2 Tms,3,2,3.12,65,0,0,0,34,0,5,60.2,249,46,23,21,8,24,1,1,1,0,80
165,David Bednar,PIT,3,3,2,66,0,0,0,39,0,3,67.1,277,53,22,15,3,21,4,3,2,0,80
166,Wade Miley,MIL,9,4,3.14,23,23,0,0,0,0,0,120.1,490,99,44,42,16,38,0,3,2,0,79
167,Yimi García,TOR,3,4,4.09,73,0,0,0,3,19,4,66,282,67,35,30,8,15,1,6,0,0,79
168,Rafael Montero,HOU,3,3,5.08,68,0,0,0,1,10,5,67.1,298,74,40,38,11,29,0,3,0,0,79
169,Anthony DeSclafani,SFG,4,8,4.88,19,18,0,0,0,0,0,99.2,419,105,59,54,15,20,0,4,3,0,79
170,Ben Lively,CIN,4,7,5.38,19,12,0,0,0,0,0,88.2,383,96,53,53,20,25,0,3,1,0,79
171,Scott Barlow,2 Tms,2,6,4.37,63,0,0,0,13,7,3,68,299,61,39,33,4,34,3,5,3,0,79
172,Luis Severino,NYY,4,8,6.65,19,18,0,0,0,0,0,89.1,417,113,73,66,23,34,1,5,1,3,79
173,Alex Lange,DET,7,5,3.68,67,0,0,0,26,6,6,66,288,43,30,27,6,45,1,6,4,0,79
174,Alek Manoah,TOR,3,9,5.87,19,19,0,0,0,0,0,87.1,415,93,61,57,15,59,1,9,3,3,79
175,David Robertson,2 Tms,6,6,3.03,62,0,0,0,18,10,6,65.1,269,53,28,22,7,25,2,3,5,0,78
176,Carlos Estévez,LAA,5,5,3.9,63,0,0,0,31,2,4,62.1,281,62,34,27,7,31,5,5,1,0,78
177,Aaron Bummer,CHW,5,5,6.79,61,0,0,0,0,15,3,58.1,267,53,45,44,4,36,3,5,6,0,78
178,Justin Lawrence,COL,4,7,3.72,69,0,0,0,11,11,7,75,326,65,37,31,5,36,4,7,3,0,78
179,A.J. Puk,MIA,7,5,3.97,58,0,0,0,15,2,8,56.2,242,54,29,25,10,13,2,2,1,0,78
180,Ryan Walker,SFG,5,3,3.23,49,13,0,0,1,2,1,61.1,263,61,25,22,8,24,0,2,3,0,78
181,Héctor Neris,HOU,6,3,1.71,71,0,0,0,2,31,1,68.1,273,41,16,13,7,31,0,3,3,0,77
182,Robert Stephenson,2 Tms,3,4,3.1,60,0,0,0,1,15,5,52.1,201,30,20,18,8,16,2,0,4,0,77
183,Joel Payamps,MIL,7,5,2.55,69,0,0,0,3,27,3,70.2,287,57,24,20,8,17,1,5,2,2,77
184,Mark Leiter Jr.,CHC,1,3,3.5,69,0,0,0,4,28,4,64.1,269,48,27,25,7,24,0,8,2,1,77
185,Jake Bird,COL,3,3,4.33,70,3,0,0,0,13,11,89.1,381,94,47,43,6,27,0,7,2,0,77
186,Carlos Hernández,KCR,1,10,5.27,67,4,0,0,4,17,6,70,300,62,43,41,10,31,1,1,5,2,77
187,Phil Bickford,2 Tms,5,5,4.95,61,0,0,0,1,4,1,67.1,304,59,41,37,8,39,4,4,4,1,76
188,Dauri Moreta,PIT,5,2,3.72,55,0,0,0,1,5,2,58,239,39,26,24,4,24,1,3,3,0,76
189,Michael Tonkin,ATL,7,3,4.28,45,0,0,0,1,2,3,80,325,64,41,38,13,23,1,2,2,1,75
190,Erik Swanson,TOR,4,2,2.97,69,0,0,0,4,29,2,66.2,262,52,22,22,8,21,0,0,0,0,75
191,Trevor Stephan,CLE,7,7,4.06,71,0,0,0,2,28,8,68.2,294,63,35,31,6,26,1,5,3,0,75
192,Eli Morgan,CLE,5,2,4.01,61,0,0,0,1,7,2,67.1,299,73,37,30,9,24,1,1,2,1,75
193,Ryan Pressly,HOU,4,5,3.58,65,0,0,0,31,0,6,65.1,268,54,33,26,8,16,0,1,2,0,74
194,Alex Wood,SFG,5,5,4.33,29,12,0,0,0,1,0,97.2,429,98,52,47,9,42,0,8,3,2,74
195,Chris Flexen,2 Tms,2,8,6.86,29,16,0,0,0,0,0,102.1,466,133,81,78,25,38,0,4,6,0,74
196,Zack Littell,2 Tms,3,6,4.1,28,14,0,0,0,0,0,90,379,94,43,41,13,12,1,4,4,0,74
197,Brandon Woodruff,MIL,5,1,2.28,11,11,1,1,0,0,0,67,253,40,17,17,9,15,0,3,0,0,74
198,Phil Maton,HOU,4,3,3,68,0,0,0,1,10,1,66,274,49,27,22,6,25,2,9,1,0,74
199,Tyler Holton,DET,3,2,2.11,59,1,0,0,1,14,1,85.1,324,56,21,20,9,18,1,1,4,0,74
200,Steven Okert,MIA,3,2,4.45,64,2,0,0,0,12,3,58.2,247,50,31,29,9,24,0,2,1,1,73
201,Matthew Boyd,DET,5,5,5.45,15,15,0,0,0,0,0,71,303,69,46,43,11,25,0,2,2,0,73
202,Joe Jiménez,ATL,0,3,3.04,59,0,0,0,0,13,3,56.1,238,51,22,19,9,14,0,2,0,0,73
203,Michael Grove,LAD,2,3,6.13,18,12,0,0,0,1,0,69,302,83,47,47,12,19,0,3,3,0,73
204,Andrew Nardi,MIA,8,1,2.67,63,0,0,0,3,17,1,57.1,237,45,18,17,7,21,2,4,0,0,73
205,Zach Davies,ARI,2,5,7,18,18,0,0,0,0,0,82.1,377,98,67,64,10,39,0,2,0,0,72
206,Lucas Sims,CIN,7,3,3.1,67,0,0,0,3,23,5,61,258,33,23,21,5,39,1,10,3,1,72
207,Jordan Romano,TOR,5,7,2.9,59,0,0,0,36,2,4,59,248,48,20,19,6,24,5,2,0,1,72
208,Garrett Whitlock,BOS,5,5,5.15,22,10,0,0,1,3,1,71.2,304,82,43,41,13,13,0,3,2,0,72
209,Jhony Brito,NYY,9,7,4.28,25,13,0,0,1,0,0,90.1,372,82,47,43,14,28,0,4,0,1,72
210,Zack Thompson,STL,5,7,4.48,25,9,0,0,0,1,1,66.1,287,69,35,33,8,25,0,2,3,0,72
211,Clay Holmes,NYY,4,4,2.86,66,0,0,0,24,5,3,63,262,51,22,20,2,23,0,3,5,1,71
212,Jose Cuas,2 Tms,3,2,3.99,72,2,0,0,1,10,3,65.1,292,63,30,29,8,35,0,7,5,0,71
213,Peter Lambert,COL,3,7,5.36,25,11,0,0,0,0,0,87.1,375,93,54,52,18,28,0,5,1,0,71
214,Louie Varland,MIN,4,3,4.63,17,10,0,0,0,2,0,68,283,66,35,35,16,17,0,1,2,0,71
215,José Cisnero,DET,3,4,5.31,63,0,0,0,2,14,2,59.1,267,63,39,35,10,25,2,5,9,0,70
216,Ross Stripling,SFG,0,5,5.36,22,11,0,0,0,0,0,89,381,104,54,53,20,16,0,2,2,1,70
217,Buck Farmer,CIN,4,5,4.2,71,0,0,0,3,9,6,75,309,58,36,35,11,29,0,4,1,0,70
218,Caleb Ferguson,LAD,7,4,3.43,68,7,0,0,3,17,5,60.1,270,64,30,23,4,23,0,8,3,0,70
219,Kevin Ginkel,ARI,9,1,2.48,60,0,0,0,4,8,2,65.1,254,41,24,18,3,23,1,2,5,1,70
220,Jason Adam,TBR,4,2,2.98,56,0,0,0,12,11,6,54.1,222,35,21,18,7,20,0,9,2,0,69
221,Jeff Hoffman,PHI,5,2,2.41,54,0,0,0,1,11,2,52.1,208,29,16,14,3,19,1,2,4,0,69
222,Ian Gibaut,CIN,8,4,3.33,74,0,0,0,3,22,6,75.2,318,69,33,28,8,28,4,4,0,0,69
223,Ian Hamilton,NYY,3,2,2.64,39,3,0,0,2,5,0,58,239,45,19,17,2,26,1,3,1,0,69
224,Sam Moll,2 Tms,2,3,3.03,70,1,0,0,1,8,3,62.1,268,47,22,21,2,30,8,7,4,0,68
225,Raisel Iglesias,ATL,5,4,2.75,58,0,0,0,33,0,4,55.2,231,51,23,17,7,15,2,0,0,0,68
226,Pete Fairbanks,TBR,2,4,2.58,49,0,0,0,25,2,4,45.1,184,26,14,13,3,20,0,4,6,0,68
227,Cole Irvin,BAL,1,4,4.42,24,12,0,0,0,1,0,77.1,336,78,42,38,11,21,0,7,2,0,68
228,Lucas Erceg,OAK,4,4,4.75,50,0,0,0,0,11,2,55,251,51,33,29,1,36,1,6,5,0,68
229,Griffin Jax,MIN,6,10,3.86,71,0,0,0,4,23,7,65.1,274,58,30,28,5,19,1,4,1,0,68
230,Tristan Beck,SFG,3,3,3.92,33,3,0,0,2,2,1,85,354,83,40,37,10,21,2,2,3,0,68
231,José Leclerc,TEX,0,2,2.68,57,0,0,0,4,8,5,57,233,37,19,17,5,28,2,2,2,0,67
232,Hunter Harvey,WSN,4,4,2.82,57,0,0,0,10,19,5,60.2,235,44,21,19,7,13,1,2,2,1,67
233,Ryan Yarbrough,2 Tms,8,7,4.52,25,9,0,0,2,1,1,89.2,377,96,45,45,13,14,0,8,1,0,67
234,Adbert Alzolay,CHC,2,5,2.67,58,0,0,0,22,6,3,64,253,52,23,19,5,13,0,5,0,2,67
235,Nestor Cortes,NYY,5,2,4.97,12,12,0,0,0,0,0,63.1,266,59,36,35,11,20,0,3,0,0,67
236,Connor Seabold,COL,1,7,7.52,27,13,0,0,0,0,0,87.1,408,116,76,73,19,28,1,7,5,0,67
237,Andrés Muñoz,SEA,4,7,2.94,52,0,0,0,13,14,3,49,211,40,20,16,2,22,3,5,4,2,67
238,Kyle Nelson,ARI,7,4,4.18,68,2,0,0,0,11,4,56,239,59,30,26,12,14,1,1,1,0,67
239,Xzavion Curry,CLE,3,4,4.07,41,9,0,0,0,0,0,95,404,98,47,43,12,30,1,2,3,2,67
240,Carlos Carrasco,NYM,3,8,6.8,20,20,0,0,0,0,0,90,417,115,71,68,18,38,0,6,3,1,66
241,Kendall Graveman,2 Tms,5,6,3.12,68,0,0,0,8,13,4,66.1,282,51,27,23,9,36,0,5,3,1,66
242,Evan Phillips,LAD,2,4,2.05,62,0,0,0,24,6,3,61.1,234,38,19,14,6,13,2,3,1,0,66
243,Josh Sborz,TEX,6,7,5.5,44,0,0,0,0,14,4,52.1,215,43,33,32,8,17,0,1,3,0,66
244,Nick Sandlin,CLE,5,5,3.75,61,0,0,0,0,10,1,60,239,38,28,25,12,24,1,2,0,0,66
245,Gregory Santos,CHW,2,2,3.39,60,0,0,0,5,6,4,66.1,289,69,29,25,2,17,1,5,2,1,66
246,Huascar Brazoban,MIA,5,2,4.14,50,0,0,0,0,13,3,58.2,257,53,28,27,5,31,2,4,3,0,65
247,Michael Fulmer,CHC,3,5,4.42,58,1,0,0,2,11,3,57,237,48,29,28,7,28,0,2,5,0,65
248,Emilio Pagán,MIN,5,2,2.99,66,1,0,0,1,8,5,69.1,273,45,26,23,5,21,2,1,2,0,65
249,Taylor Clarke,KCR,3,6,5.95,58,2,0,0,3,12,3,59,266,71,42,39,12,24,1,3,3,0,65
250,Gregory Soto,PHI,3,4,4.62,69,0,0,0,3,24,3,60.1,250,47,34,31,6,22,0,2,5,0,65
251,Yennier Cano,BAL,1,4,2.11,72,0,0,0,8,31,6,72.2,283,60,19,17,4,13,2,3,2,1,65
252,Jake Diekman,2 Tms,0,2,3.34,63,0,0,0,0,8,2,56.2,243,37,29,21,3,38,1,1,3,2,64
253,Chase Anderson,2 Tms,1,6,5.42,19,17,0,0,1,0,0,86.1,372,90,53,52,17,33,0,7,1,0,64
254,Taylor Rogers,SFG,6,4,3.83,60,0,0,0,2,12,0,51.2,216,39,27,22,6,25,3,3,3,0,64
255,Keynan Middleton,2 Tms,2,2,3.38,51,0,0,0,2,5,2,50.2,212,40,20,19,8,23,0,1,2,0,64
256,Carlos Rodón,NYY,3,8,6.85,14,14,0,0,0,0,0,64.1,286,65,51,49,15,28,0,4,9,0,64
257,Gabe Speier,SEA,2,2,3.79,69,0,0,0,1,17,0,54.2,216,47,24,23,7,11,4,3,2,0,64
258,José Alvarado,PHI,0,2,1.74,42,0,0,0,10,11,2,41.1,172,30,15,8,3,18,1,0,3,0,64
259,Emmanuel Clase,CLE,3,9,3.22,75,0,0,0,44,0,12,72.2,302,68,37,26,4,16,2,1,5,1,64
260,Alex Vesia,LAD,2,5,4.35,56,1,0,0,1,9,1,49.2,217,52,27,24,7,17,3,2,2,0,64
261,Tommy Henry,ARI,5,4,4.15,17,16,0,0,0,0,0,89,381,86,42,41,12,35,2,4,1,0,64
262,Emmet Sheehan,LAD,4,1,4.92,13,11,0,0,1,0,0,60.1,248,46,33,33,11,26,0,1,1,0,64
263,Andrew Chafin,2 Tms,3,4,4.73,63,0,0,0,8,14,5,51.1,224,45,30,27,6,28,0,1,2,0,63
264,Kyle Finnegan,WSN,7,5,3.76,67,0,0,0,28,8,8,69.1,288,66,33,29,11,24,1,1,0,0,63
265,Adam Ottavino,NYM,1,7,3.21,66,0,0,0,12,12,3,61.2,261,46,24,22,7,29,3,8,5,3,62
266,Trevor Gott,2 Tms,0,5,4.19,64,0,0,0,1,10,6,58,261,63,34,27,4,19,3,4,0,0,62
267,Jaime Barria,LAA,2,6,5.68,34,6,0,0,0,2,2,82.1,362,91,63,52,20,30,6,2,4,1,62
268,Enyel De Los Santos,CLE,5,2,3.29,70,0,0,0,0,16,3,65.2,262,50,26,24,4,25,1,4,2,2,62
269,Brandon Bielak,HOU,5,6,3.82,15,13,0,0,0,0,0,80,353,86,43,34,12,36,0,5,3,0,62
270,Jose Hernandez,PIT,1,3,4.97,50,0,0,0,0,4,2,50.2,223,47,30,28,9,22,3,1,5,2,62
271,Brooks Raley,NYM,1,2,2.8,66,0,0,0,3,25,3,54.2,236,44,19,17,4,25,3,6,0,0,61
272,Justin Topa,SEA,5,4,2.61,75,0,0,0,3,23,2,69,279,61,26,20,4,18,4,3,0,0,61
273,Albert Abreu,NYY,2,2,4.73,45,0,0,0,0,3,0,59,268,52,39,31,9,35,1,6,5,0,61
274,Colin Poche,TBR,12,3,2.23,66,0,0,0,1,22,4,60.2,246,42,17,15,4,24,1,1,3,0,61
275,Bryse Wilson,MIL,6,0,2.58,53,0,0,0,3,5,1,76.2,314,60,26,22,9,22,0,2,6,0,61
276,Mike Baumann,BAL,10,1,3.76,60,0,0,0,0,6,3,64.2,273,52,29,27,7,33,2,2,7,0,61
277,Matt Moore,3 Tms,5,1,2.56,50,0,0,0,0,22,3,52.2,218,46,16,15,7,15,3,3,1,0,60
278,Joe Kelly,2 Tms,2,5,4.12,42,0,0,0,1,13,6,39.1,168,29,22,18,3,18,0,2,6,2,60
279,Jose Quintana,NYM,3,6,3.57,13,13,0,0,0,0,0,75.2,319,75,33,30,5,24,0,1,2,0,60
280,Jordan Weems,WSN,5,1,3.62,51,0,0,0,0,7,3,54.2,232,38,25,22,9,28,5,3,0,0,60
281,Drew VerHagen,STL,5,1,3.98,60,0,0,0,0,14,1,61,268,52,30,27,9,26,2,9,3,1,60
282,Tyler Rogers,SFG,4,5,3.04,68,0,0,0,2,30,6,74,309,66,27,25,7,19,2,3,0,0,60
283,Miguel Castro,ARI,6,6,4.31,75,0,0,0,7,13,4,64.2,268,51,32,31,8,25,3,3,0,0,60
284,Drew Smith,NYM,4,6,4.15,62,0,0,0,3,12,2,56.1,244,50,31,26,7,29,0,5,2,0,60
285,Bailey Falter,2 Tms,2,9,5.36,18,14,0,0,0,0,0,80.2,347,94,55,48,17,20,0,0,0,0,60
286,Brad Hand,2 Tms,5,3,5.53,60,0,0,0,1,5,2,53.2,236,54,33,33,6,22,3,5,3,0,59
287,Hoby Milner,MIL,2,1,1.82,73,0,0,0,0,17,3,64.1,252,49,16,13,5,13,0,2,1,0,59
288,Giovanny Gallegos,STL,2,4,4.42,56,0,0,0,10,20,6,55,229,54,28,27,11,12,0,0,3,1,59
289,Luis L. Ortiz,PIT,5,5,4.78,18,15,0,0,0,0,0,86.2,400,99,50,46,13,48,0,2,3,0,59
290,Danny Coulombe,BAL,5,3,2.81,61,0,0,0,2,21,3,51.1,210,45,17,16,4,12,0,2,2,2,58
291,Dylan Floro,2 Tms,5,6,4.76,62,0,0,0,7,9,3,56.2,248,70,34,30,3,17,3,3,1,0,58
292,Brennan Bernardino,BOS,2,1,3.2,55,6,0,0,0,4,0,50.2,216,48,19,18,4,18,1,6,3,0,58
293,Génesis Cabrera,2 Tms,2,1,4.04,61,0,0,0,0,10,3,55.2,239,49,28,25,8,24,3,2,1,1,58
294,Jesse Scholtens,CHW,1,9,5.29,26,11,0,0,1,1,0,85,377,100,54,50,15,30,1,2,1,0,58
295,Cal Quantrill,CLE,4,7,5.24,19,19,0,0,0,0,0,99.2,444,111,59,58,11,35,0,7,6,0,58
296,Alex Faedo,DET,2,5,4.45,15,12,0,0,0,1,0,64.2,262,48,35,32,12,20,0,1,3,0,58
297,Colin Holderman,PIT,0,3,3.86,58,0,0,0,2,27,4,56,240,55,25,24,4,20,2,2,3,0,58
298,James Kaprielian,OAK,2,6,6.34,14,11,0,0,0,0,1,61,280,66,45,43,9,31,1,5,3,0,57
299,Jacob Webb,2 Tms,1,1,3.69,54,0,0,0,1,12,1,53.2,232,39,22,22,6,30,3,4,1,0,57
300,Steven Wilson,SDP,1,2,3.91,52,0,0,0,0,22,2,53,219,35,23,23,7,27,1,3,0,0,57
301,Andre Jackson,2 Tms,1,3,4.99,19,7,0,0,2,1,0,61.1,257,52,34,34,11,22,0,2,1,0,57
302,Ryan Brasier,2 Tms,3,0,3.02,59,0,0,0,2,10,1,59.2,238,42,24,20,3,19,1,3,3,0,56
303,Noah Syndergaard,2 Tms,2,6,6.5,18,18,0,0,0,0,0,88.2,391,104,65,64,22,19,0,10,0,0,56
304,Sam Hentges,CLE,3,2,3.61,56,0,0,0,0,15,2,52.1,223,53,24,21,2,18,0,0,3,0,56
305,Will Vest,DET,2,1,2.98,48,4,0,0,2,11,3,48.1,199,40,18,16,3,13,1,0,0,0,56
306,Kyle Muller,OAK,1,5,7.6,21,13,0,0,0,0,1,77,372,112,65,65,16,39,1,3,3,1,56
307,Hogan Harris,OAK,3,6,7.14,14,6,0,0,0,0,0,63,284,67,51,50,10,28,0,3,1,0,56
308,José Soriano,LAA,1,3,3.64,38,0,0,0,0,15,1,42,185,33,22,17,4,23,2,7,2,1,56
309,Ron Marinaccio,NYY,4,5,3.99,45,0,0,0,2,7,3,47.1,205,35,24,21,6,27,0,7,2,0,56
310,Kevin Kelly,TBR,5,2,3.09,57,0,0,0,1,11,1,67,276,53,27,23,2,15,1,10,1,0,56
311,Chase Silseth,LAA,4,1,3.96,16,8,0,0,0,1,1,52.1,221,41,26,23,9,26,0,2,5,1,56
312,Adam Wainwright,STL,5,11,7.4,21,21,0,0,0,0,0,101,484,151,89,83,20,41,0,1,1,0,55
313,Will Smith,TEX,2,7,4.4,60,0,0,0,22,8,5,57.1,226,44,31,28,5,17,4,0,1,0,55
314,Brent Suter,COL,4,3,3.38,57,2,0,0,0,7,3,69.1,292,65,36,26,3,25,0,3,1,0,55
315,Jason Foley,DET,3,3,2.61,70,0,0,0,7,28,2,69,276,65,21,20,2,15,2,1,2,0,55
316,Roansy Contreras,PIT,3,7,6.59,19,11,0,0,1,0,0,68.1,302,75,50,50,11,32,1,1,3,0,55
317,Shawn Armstrong,TBR,1,0,1.38,39,6,0,0,0,6,2,52,207,36,12,8,2,11,0,4,0,0,54
318,Dominic Leone,3 Tms,1,3,4.67,51,0,0,0,1,3,0,54,235,49,28,28,14,28,3,2,4,0,54
319,Pedro Avila,SDP,2,2,3.22,14,6,0,0,0,0,0,50.1,220,43,23,18,3,25,0,5,5,1,54
320,Elvis Peguero,MIL,4,5,3.38,59,0,0,0,1,21,5,61.1,252,49,25,23,4,26,1,4,1,0,54
321,Luis García,SDP,2,3,4.07,61,0,0,0,0,10,3,59.2,267,59,30,27,6,24,1,6,4,0,53
322,Tim Mayza,TOR,3,1,1.52,69,0,0,0,1,22,2,53.1,215,50,10,9,2,15,3,0,1,0,53
323,Yonny Chirinos,2 Tms,5,5,5.4,20,9,0,0,0,1,0,85,367,91,53,51,15,27,0,5,3,0,53
324,John Schreiber,BOS,2,1,3.86,46,2,0,0,1,10,2,46.2,204,41,22,20,6,25,2,4,1,0,53
325,Bryan Hoeing,MIA,2,3,5.48,33,7,0,0,0,1,0,70.2,304,71,45,43,13,25,2,2,1,0,53
326,Kenley Jansen,BOS,3,6,3.63,51,0,0,0,29,0,4,44.2,188,40,21,18,5,17,1,2,1,2,52
327,Trevor Megill,MIL,1,0,3.63,31,2,0,0,0,4,1,34.2,148,35,14,14,2,12,0,1,2,0,52
328,Brock Burke,TEX,5,3,4.37,53,0,0,0,0,12,2,59.2,250,64,32,29,13,9,4,2,2,0,52
329,Ryan Helsley,STL,3,4,2.45,33,0,0,0,14,2,5,36.2,146,22,11,10,1,17,1,1,3,1,52
330,Ronel Blanco,HOU,2,1,4.5,17,7,0,0,0,0,0,52,226,49,29,26,12,28,0,2,2,0,52
331,James Karinchak,CLE,2,5,3.23,44,0,0,0,0,13,2,39,171,24,18,14,6,28,1,3,1,1,52
332,George Soriano,MIA,0,0,3.81,26,1,0,0,1,0,0,52,228,46,26,22,6,23,1,5,0,1,52
333,Wandy Peralta,NYY,4,2,2.83,63,0,0,0,4,18,3,54,227,36,19,17,7,30,0,6,1,3,51
334,Ryne Stanek,HOU,3,1,4.09,55,0,0,0,0,3,1,50.2,213,42,24,23,8,21,1,1,2,1,51
335,Tanner Banks,CHW,1,4,4.43,32,3,0,0,1,1,1,61,255,59,32,30,10,16,1,4,1,0,51
336,Bryan Baker,BAL,4,3,3.6,46,0,0,0,0,11,3,45,186,33,19,18,4,24,2,1,3,0,51
337,Cody Bradford,TEX,4,3,5.3,20,8,0,0,0,0,0,56,234,56,33,33,11,12,0,1,0,0,51
338,Julio Teheran,MIL,3,5,4.4,14,11,0,0,0,0,0,71.2,288,68,36,35,13,13,0,4,1,2,50
339,Ty Blach,COL,3,3,5.54,20,13,0,0,0,0,0,78,352,104,51,48,15,24,0,6,1,0,50
340,Alex Young,CIN,4,2,3.86,63,0,0,0,1,13,3,53.2,236,53,27,23,10,20,0,1,0,0,50
341,Matt Manning,DET,5,4,3.58,15,15,0,0,0,0,0,78,316,60,37,31,11,21,0,5,0,0,50
342,Jorge López,3 Tms,6,2,5.95,61,0,0,0,3,10,4,59,266,67,42,39,12,22,3,8,5,0,49
343,Yency Almonte,LAD,3,2,5.06,49,0,0,0,0,9,2,48,208,43,30,27,6,24,2,4,3,0,49
344,Chris Murphy,BOS,1,2,4.91,20,0,0,0,1,0,0,47.2,212,50,27,26,5,17,0,1,4,0,49
345,Tommy Kahnle,NYY,1,3,2.66,42,0,0,0,2,14,2,40.2,165,26,14,12,5,19,0,1,3,0,48
346,Seranthony Domínguez,PHI,5,5,3.78,57,0,0,0,2,14,7,50,224,48,25,21,7,22,0,6,1,1,48
347,Brusdar Graterol,LAD,4,2,1.2,68,1,0,0,7,19,1,67.1,257,53,14,9,3,12,1,2,2,0,48
348,Jovani Moran,MIN,2,2,5.31,43,0,0,0,0,9,1,42.1,184,35,27,25,3,27,1,0,2,0,48
349,Joan Adon,WSN,2,4,6.45,12,10,0,0,0,0,0,51.2,240,60,37,37,8,24,3,3,6,0,48
350,Osvaldo Bido,PIT,2,5,5.86,16,9,0,0,0,0,0,50.2,236,55,35,33,4,21,0,8,1,0,48
351,Daniel Bard,COL,4,2,4.56,50,0,0,0,1,6,2,49.1,232,35,30,25,5,49,3,8,2,1,47
352,Collin McHugh,ATL,4,1,4.3,41,1,0,0,0,7,1,58.2,268,70,34,28,5,22,1,4,0,0,47
353,John Brebbia,SFG,3,5,3.99,40,10,0,0,0,6,1,38.1,161,31,21,17,6,14,2,0,0,0,47
354,Jalen Beeks,TBR,2,3,5.95,30,8,0,0,1,2,1,42.1,192,42,28,28,4,21,0,1,3,0,47
355,Adrián Martínez,OAK,0,2,4.75,22,1,0,0,0,0,0,55,241,59,31,29,8,19,0,5,4,0,47
356,Drew Rasmussen,TBR,4,2,2.62,8,8,0,0,0,0,0,44.2,177,36,13,13,2,11,0,1,2,0,47
357,Nick Lodolo,CIN,2,1,6.29,7,7,0,0,0,0,0,34.1,166,50,24,24,10,10,1,7,2,0,47
358,Chris Martin,BOS,4,1,1.05,55,0,0,0,3,23,1,51.1,199,45,6,6,2,8,3,0,1,0,46
359,Tucker Davidson,2 Tms,1,2,5.96,38,1,0,0,2,2,0,51.1,236,64,37,34,6,19,2,3,4,0,46
360,Matthew Liberatore,STL,3,6,5.25,22,11,0,0,0,2,0,61.2,275,66,42,36,5,25,1,5,4,0,46
361,Aaron Loup,LAA,2,3,6.1,55,0,0,0,1,9,2,48.2,231,65,37,33,6,20,4,2,2,1,45
362,Chasen Shreve,2 Tms,1,2,4.63,50,0,0,0,0,12,5,44.2,193,46,25,23,7,14,0,1,3,0,45
363,Jacob deGrom,TEX,2,0,2.67,6,6,0,0,0,0,0,30.1,115,19,11,9,2,4,0,0,1,0,45
364,Derek Law,CIN,4,6,3.6,54,3,0,0,2,3,1,55,240,50,24,22,6,26,0,3,5,0,45
365,Brent Honeywell,2 Tms,2,4,4.82,40,0,0,0,0,4,2,52.1,234,53,29,28,10,23,0,5,3,1,45
366,José Urquidy,HOU,3,3,5.29,16,10,0,0,1,0,0,63,275,65,37,37,11,25,0,2,0,1,45
367,Dakota Hudson,STL,6,3,4.98,18,12,0,0,0,1,0,81.1,354,88,46,45,9,34,0,6,5,0,45
368,Seth Martinez,HOU,2,3,5.23,35,0,0,0,1,2,0,43,195,45,29,25,5,19,2,6,0,0,45
369,Tyler Alexander,DET,2,1,4.5,25,1,0,0,0,1,0,44,181,44,25,22,8,5,0,2,0,0,44
370,Angel Perdomo,PIT,3,2,3.72,30,0,0,0,0,5,0,29,117,21,14,12,3,11,3,3,0,0,44
371,Cionel Pérez,BAL,4,2,3.54,65,0,0,0,3,11,0,53.1,247,56,30,21,2,27,3,4,0,1,44
372,Mason Thompson,WSN,4,4,5.5,51,0,0,0,1,10,3,54,240,62,35,33,4,22,0,4,4,0,44
373,Tom Cosgrove,SDP,1,2,1.75,54,0,0,0,1,7,0,51.1,205,31,12,10,3,19,1,5,1,0,44
374,Brendan White,DET,2,3,5.09,33,2,0,0,0,1,0,40.2,177,40,25,23,4,15,0,5,1,0,44
375,Erasmo Ramírez,2 Tms,3,3,6.41,38,2,0,0,0,2,1,60.1,274,82,47,43,11,13,0,4,2,1,43
376,Luke Jackson,SFG,2,2,2.97,33,0,0,0,0,4,2,33.1,143,26,14,11,3,15,2,1,3,1,43
377,Andrés Machado,WSN,4,1,5.22,44,0,0,0,0,4,2,50,207,53,29,29,12,13,2,1,1,1,43
378,Tayler Saucedo,SEA,3,2,3.59,52,0,0,0,1,3,1,47.2,207,41,20,19,2,23,1,6,1,0,43
379,Eric Lauer,MIL,4,6,6.56,10,9,0,0,0,0,0,46.2,211,54,39,34,16,24,0,0,0,0,43
380,Andrew Vasquez,2 Tms,2,1,3.35,42,0,0,0,0,2,0,48.1,219,46,21,18,4,23,1,7,2,3,43
381,Nate Pearson,TOR,5,2,4.85,35,0,0,0,1,3,2,42.2,182,36,25,23,7,18,2,3,5,0,43
382,Ryan Weathers,2 Tms,1,8,6.55,15,12,0,0,0,1,0,57.2,257,68,44,42,12,29,0,1,1,0,43
383,Andre Pallante,STL,4,1,4.76,62,0,0,0,0,13,5,68,302,76,37,36,6,30,0,3,6,1,43
384,Corey Kluber,BOS,3,6,7.04,15,9,0,0,1,0,0,55,257,69,47,43,17,21,0,4,1,0,42
385,Shelby Miller,LAD,3,0,1.71,36,1,0,0,1,3,0,42,163,19,8,8,3,19,2,2,1,0,42
386,Chris Devenski,2 Tms,6,4,4.46,38,0,0,0,0,10,5,42.1,173,36,24,21,6,11,1,1,1,0,42
387,Jeff Brigham,NYM,1,3,5.26,37,0,0,0,0,5,2,37.2,160,26,23,22,9,18,0,5,0,0,42
388,JoJo Romero,STL,4,2,3.68,27,0,0,0,3,3,2,36.2,147,29,17,15,1,10,0,1,2,0,42
389,Jimmy Lambert,CHW,2,3,5.26,35,1,0,0,1,3,0,37.2,172,41,26,22,10,20,3,1,0,0,41
390,Mason Englert,DET,4,3,5.46,31,1,0,0,0,2,3,56,253,67,39,34,12,17,0,2,2,0,41
391,Trevor May,OAK,4,4,3.28,49,0,0,0,21,1,3,46.2,205,35,21,17,4,29,5,3,2,0,40
392,Bryan Shaw,CHW,0,0,4.14,38,0,0,0,4,4,1,45.2,190,39,21,21,3,17,0,6,1,0,40
393,Michael Rucker,CHC,2,1,4.91,35,0,0,0,0,0,0,40.1,176,39,22,22,6,19,0,3,1,0,40
394,Cory Abbott,WSN,1,2,6.64,22,0,0,0,0,0,0,39.1,183,48,29,29,9,19,0,4,4,1,40
395,Jesse Chavez,ATL,1,0,1.56,36,1,0,0,1,13,2,34.2,144,26,10,6,2,12,0,3,0,0,39
396,Johnny Cueto,MIA,1,4,6.02,13,10,0,0,0,0,0,52.1,218,51,36,35,17,15,0,3,0,0,39
397,José Ruiz,2 Tms,2,1,5.89,38,1,0,0,0,1,2,44.1,207,52,31,29,10,21,1,6,3,1,39
398,Brock Stewart,MIN,2,0,0.65,28,0,0,0,1,8,2,27.2,109,19,2,2,1,11,3,1,1,0,39
399,Abner Uribe,MIL,1,0,1.76,32,0,0,0,1,8,1,30.2,127,16,8,6,0,20,0,1,6,1,39
400,Yunior Marte,PHI,1,1,5.03,40,0,0,0,2,2,2,39.1,182,47,27,22,6,17,0,1,0,0,38
401,Hyun Jin Ryu,TOR,3,3,3.46,11,11,0,0,0,0,0,52,224,53,25,20,9,14,0,1,1,0,38
402,Ryan Feltner,COL,2,4,5.82,10,10,0,0,0,0,0,43.1,201,45,29,28,2,28,0,2,0,2,38
403,José Buttó,NYM,1,4,3.64,9,7,0,0,0,0,0,42,179,33,17,17,3,23,0,0,0,0,38
404,Ryan Pepiot,LAD,2,1,2.14,8,3,0,0,0,0,0,42,159,27,10,10,7,5,0,3,0,0,38
405,Mason Miller,OAK,0,3,3.78,10,6,0,0,0,1,0,33.1,139,24,15,14,2,16,0,3,3,0,38
406,Vince Velasquez,PIT,4,4,3.86,8,8,0,0,0,0,0,37.1,162,35,16,16,4,14,0,1,2,0,37
407,Peter Strzelecki,2 Tms,3,5,4.38,37,0,0,0,0,14,1,37,163,33,18,18,3,12,1,8,0,0,37
408,Drey Jameson,ARI,3,1,3.32,15,3,0,0,1,1,0,40.2,174,40,15,15,6,18,0,1,0,0,37
409,Caleb Thielbar,MIN,3,1,3.23,36,0,0,0,0,14,1,30.2,120,23,12,11,7,6,0,0,1,0,36
410,Nick Anderson,ATL,4,0,3.06,35,0,0,0,1,15,2,35.1,141,30,14,12,3,9,0,0,1,0,36
411,Angel Zerpa,KCR,3,3,4.85,15,3,0,0,0,2,1,42.2,182,46,24,23,7,8,0,4,1,0,36
412,Quinn Priester,PIT,3,3,7.74,10,8,0,0,0,0,0,50,234,58,43,43,12,27,0,3,5,0,36
413,JT Chargois,MIA,1,0,3.61,46,5,0,0,1,4,3,42.1,174,35,17,17,3,18,1,0,0,0,35
414,Yohan Ramírez,2 Tms,1,0,4.23,31,0,0,0,0,3,1,38.1,176,39,21,18,3,17,1,11,3,0,35
415,Bowden Francis,TOR,1,0,1.73,20,0,0,0,1,0,0,36.1,136,22,7,7,5,8,0,1,1,2,35
416,Keaton Winn,SFG,1,3,4.68,9,5,0,0,1,0,0,42.1,172,36,22,22,6,8,0,5,1,0,35
417,Ray Kerr,SDP,1,1,4.33,22,0,0,0,0,0,1,27,114,25,15,13,5,9,1,1,1,0,35
418,Kyle Harrison,SFG,1,1,4.15,7,7,0,0,0,0,0,34.2,147,29,19,16,8,11,0,4,0,0,35
419,Austin Voth,BAL,1,2,5.19,25,0,0,0,0,4,1,34.2,160,39,22,20,6,15,1,3,0,0,34
420,Marco Gonzales,SEA,4,1,5.22,10,10,0,0,0,0,0,50,215,55,32,29,5,18,0,0,0,0,34
421,Jimmy Cordero,NYY,3,2,3.86,31,1,0,0,0,8,1,32.2,132,25,14,14,2,10,0,2,5,1,34
422,Jonathan Hernández,TEX,1,2,5.4,33,0,0,0,0,10,4,31.2,147,35,20,19,4,15,1,4,2,0,34
423,Kyle Wright,ATL,1,3,6.97,9,7,0,0,0,0,0,31,155,40,26,24,5,17,0,4,2,0,34
424,Dustin May,LAD,4,1,2.63,9,9,0,0,0,0,0,48,187,29,14,14,1,16,0,2,1,0,34
425,Allan Winans,ATL,1,2,5.29,6,6,0,0,0,0,0,32.1,141,37,19,19,5,8,1,2,0,0,34
426,Daniel Lynch IV,KCR,3,4,4.64,9,9,0,0,0,0,0,52.1,223,50,29,27,9,16,0,1,1,1,34
427,Carmen Mlodzinski,PIT,3,3,2.25,35,1,0,0,1,10,1,36,152,28,14,9,3,18,1,1,0,0,34
428,Ryan Borucki,PIT,4,0,2.45,38,2,0,0,0,8,0,40.1,152,26,11,11,4,4,0,4,1,0,33
429,Robert Garcia,2 Tms,2,2,3.66,25,0,0,0,0,4,0,32,127,26,16,13,3,12,2,0,2,0,33
430,Austin Cox,KCR,0,1,4.54,24,3,0,0,1,5,0,35.2,149,28,20,18,2,17,0,2,1,0,33
431,Randy Vásquez,NYY,2,2,2.87,11,5,0,0,0,0,0,37.2,166,30,12,12,5,18,0,4,3,0,33
432,Andrew Wantz,LAA,2,0,3.89,27,3,0,0,0,4,3,39.1,160,28,18,17,4,15,1,1,0,0,33
433,Isaiah Campbell,SEA,4,1,2.83,27,0,0,0,1,2,0,28.2,120,22,9,9,2,13,1,1,2,1,33
434,Daniel Palencia,CHC,5,3,4.45,27,0,0,0,0,2,1,28.1,119,22,16,14,3,14,0,2,5,0,33
435,Dinelson Lamet,2 Tms,1,4,11.71,17,4,0,0,0,0,2,27.2,145,42,38,36,7,23,0,1,5,1,32
436,Joey Lucchesi,NYM,4,0,2.89,9,9,0,0,0,0,0,46.2,195,44,17,15,4,17,0,2,1,1,32
437,Drew Rom,STL,1,4,8.02,8,8,0,0,0,0,0,33.2,170,51,34,30,7,19,0,0,1,0,32
438,Tim Herrin,CLE,1,1,5.53,23,0,0,0,0,1,1,27.2,121,29,18,17,3,12,0,2,2,0,32
439,Sam Long,OAK,0,1,5.6,40,1,0,0,2,5,0,45,199,49,29,28,5,21,3,1,2,0,32
440,Gavin Hollowell,COL,2,0,5.88,26,0,0,0,1,2,1,33.2,154,31,23,22,8,18,1,6,0,0,32
441,Scott Alexander,SFG,7,3,4.66,55,8,0,0,1,6,2,48.1,208,55,30,25,2,11,3,1,7,0,31
442,Chad Kuhl,WSN,0,4,8.45,16,5,0,0,1,0,1,38.1,187,47,38,36,8,28,2,3,4,0,31
443,Brad Keller,KCR,3,4,4.57,11,9,0,0,0,0,0,45.1,211,42,26,23,3,45,0,3,7,0,31
444,Sean Hjelle,SFG,2,1,6.52,15,0,0,0,0,0,1,29,139,38,25,21,3,13,1,4,5,0,31
445,Luis Garcia,HOU,2,2,4,6,6,0,0,0,0,0,27,115,25,12,12,3,10,0,1,0,1,31
446,Matt Waldron,SDP,1,3,4.35,8,6,0,0,0,0,0,41.1,173,39,20,20,9,12,0,0,0,0,31
447,Beau Brieske,DET,2,3,3.6,25,1,0,0,2,4,0,35,152,36,14,14,4,12,0,0,0,0,31
448,Dylan Covey,2 Tms,1,3,3.77,29,1,0,0,0,1,1,43,191,48,22,18,5,17,1,2,0,0,30
449,Austin Pruitt,OAK,2,6,2.98,38,6,0,0,0,4,1,48.1,196,44,18,16,5,12,1,1,1,0,30
450,Victor González,LAD,3,3,4.01,34,1,0,0,0,4,0,33.2,135,27,15,15,2,10,1,3,1,0,30
451,Grant Anderson,TEX,2,1,5.05,26,0,0,0,0,5,4,35.2,154,38,20,20,5,14,1,1,1,0,30
452,Thaddeus Ward,WSN,0,0,6.37,26,0,0,0,0,0,0,35.1,160,29,26,25,7,28,1,2,1,0,30
453,Colin Selby,PIT,2,2,9,21,5,0,0,0,2,3,24,114,29,24,24,4,15,1,0,3,0,30
454,Jared Shuster,ATL,4,3,5.81,11,11,0,0,0,0,0,52.2,230,53,34,34,7,26,0,1,3,0,30
455,Brent Headrick,MIN,3,0,6.31,14,0,0,0,1,0,1,25.2,117,27,18,18,7,10,0,4,1,0,30
456,Grant Hartwig,NYM,5,2,4.84,28,0,0,0,0,2,0,35.1,158,34,23,19,3,15,1,6,2,0,30
457,José Ureña,2 Tms,0,7,6.45,10,10,0,0,0,0,0,44.2,203,50,37,32,13,22,0,1,2,0,29
458,Michael Soroka,ATL,2,2,6.4,7,6,0,0,0,0,0,32.1,145,36,23,23,9,12,0,4,2,0,29
459,Jake Woodford,STL,2,3,6.23,15,8,0,0,0,0,0,47.2,222,61,34,33,11,22,0,3,3,0,29
460,Kenny Rosenberg,LAA,2,2,3.82,7,3,0,0,0,0,0,33,146,35,14,14,3,14,1,1,0,1,29
461,Mauricio Llovera,2 Tms,2,3,4.89,30,0,0,0,0,0,1,35,160,36,25,19,3,15,3,4,1,0,29
462,Jackson Kowar,KCR,2,0,6.43,23,0,0,0,0,0,0,28,137,34,24,20,4,20,0,1,5,0,29
463,Nick Ramirez,NYY,1,2,2.66,32,0,0,0,1,2,1,40.2,172,41,17,12,1,9,0,1,0,1,28
464,Amir Garrett,KCR,0,1,3.33,27,0,0,0,0,0,0,24.1,112,22,11,9,4,20,0,0,1,0,28
465,Joe Mantiply,ARI,2,2,4.62,35,3,0,0,0,1,0,39,157,35,22,20,4,9,1,0,1,0,28
466,Tyler Mahle,MIN,1,2,3.16,5,5,0,0,0,0,0,25.2,102,22,11,9,5,5,0,0,0,0,28
467,José Suarez,LAA,1,3,8.29,11,7,0,0,0,0,0,33.2,165,46,32,31,10,20,1,1,2,0,28
468,Josh Winder,MIN,2,1,4.15,19,0,0,0,1,1,0,34.2,147,35,16,16,3,14,0,0,1,0,28
469,Joe La Sorsa,2 Tms,1,0,4.41,25,0,0,0,0,2,0,32.2,145,32,16,16,3,9,0,6,0,1,28
470,Jay Jackson,TOR,3,1,2.12,25,0,0,0,0,1,0,29.2,116,18,8,7,4,9,2,1,1,0,27
471,Matt Koch,COL,3,2,5.12,39,1,0,0,0,6,1,38.2,163,41,22,22,7,9,0,2,0,0,27
472,Keegan Akin,BAL,2,2,6.85,24,1,0,0,0,3,0,23.2,112,35,22,18,2,7,2,0,2,0,27
473,Cooper Criswell,TBR,1,1,5.73,10,0,0,0,0,0,0,33,151,40,23,21,6,11,1,4,2,0,27
474,Peyton Battenfield,CLE,0,5,5.19,7,6,0,0,0,0,0,34.2,146,34,22,20,7,12,0,0,1,0,27
475,Tim Hill,SDP,1,4,5.48,48,0,0,0,0,9,3,44.1,202,59,36,27,7,14,0,6,0,0,26
476,Josh Taylor,KCR,1,3,8.15,17,1,0,0,0,0,2,17.2,83,22,17,16,4,9,1,0,1,1,26
477,Jimmy Herget,LAA,2,4,4.66,29,1,0,0,0,6,3,29,127,33,15,15,7,8,3,2,0,0,26
478,Trent Thornton,2 Tms,1,2,2.01,27,1,0,0,0,2,1,31.1,125,30,12,7,5,6,0,0,0,0,26
479,Thomas Hatch,2 Tms,1,1,4.08,18,2,0,0,0,3,1,28.2,129,33,18,13,2,12,1,1,2,0,26
480,Keegan Thompson,CHC,2,2,4.71,19,0,0,0,1,3,0,28.2,125,20,15,15,2,19,0,1,2,0,26
481,Connor Brogdon,PHI,2,1,4.03,27,1,0,0,0,3,0,29,127,29,14,13,5,13,0,1,2,0,26
482,Luis Frías,ARI,1,0,4.06,29,0,0,0,0,1,1,31,139,30,14,14,3,17,0,2,1,0,26
483,Noah Davis,COL,0,4,8.7,8,6,0,0,0,0,0,30,146,43,30,29,6,15,0,4,4,1,26
484,Sawyer Gipson-Long,DET,1,0,2.7,4,4,0,0,0,0,0,20,82,14,7,6,2,8,0,0,0,0,26
485,Nick Robertson,2 Tms,0,1,6.04,18,1,0,0,0,1,1,22.1,106,30,19,15,3,9,2,0,0,0,26
486,Connor Phillips,CIN,1,1,6.97,5,5,0,0,0,0,0,20.2,96,18,16,16,5,13,0,1,2,0,26
487,Dallas Keuchel,MIN,2,1,5.97,10,6,0,0,0,0,0,37.2,172,45,25,25,3,18,0,2,2,0,25
488,Andrew Bellatti,PHI,1,0,5.11,27,0,0,0,0,2,0,24.2,113,25,15,14,4,12,0,0,0,0,25
489,Zach Neal,OAK,1,1,6.67,14,2,0,0,0,0,0,27,124,30,22,20,8,14,1,2,0,0,25
490,Stephen Nogosek,NYM,0,1,5.61,13,0,0,0,0,0,0,25.2,118,28,16,16,6,14,0,2,2,0,25
491,Calvin Faucher,TBR,1,1,7.01,17,4,0,0,0,1,0,25.2,120,31,20,20,4,12,0,1,4,0,25
492,Josh Fleming,TBR,2,0,4.7,12,3,0,0,0,0,0,51.2,221,56,29,27,9,19,2,0,2,0,25
493,Jose A. Ferrer,WSN,3,0,5.03,39,0,0,0,0,5,1,34,142,37,19,19,4,13,2,1,0,0,25
494,Carl Edwards Jr.,WSN,1,3,3.69,32,0,0,0,2,13,2,31.2,142,31,14,13,1,17,2,1,2,0,24
495,Spencer Turnbull,DET,1,4,7.26,7,7,0,0,0,0,0,31,145,37,26,25,5,15,0,3,2,0,24
496,Jeffrey Springs,TBR,2,0,0.56,3,3,0,0,0,0,0,16,55,4,1,1,1,4,0,0,0,0,24
497,Josh Staumont,KCR,0,0,5.4,21,1,0,0,0,1,0,20,89,16,12,12,1,13,0,2,3,0,24
498,Richard Lovelady,OAK,0,3,4.63,27,0,0,0,0,4,2,23.1,96,15,13,12,3,10,0,3,0,0,24
499,Dylan Lee,ATL,1,0,4.18,24,1,0,0,0,6,0,23.2,101,24,14,11,4,8,0,0,0,0,24
500,Kaleb Ort,BOS,1,2,6.26,21,2,0,0,0,1,0,23,107,27,19,16,6,9,1,1,2,0,24
501,Hunter Gaddis,CLE,2,1,4.5,11,7,0,0,0,0,0,42,182,41,21,21,6,14,0,4,1,0,24
502,Jordan Wicks,CHC,4,1,4.41,7,7,0,0,0,0,0,34.2,147,33,17,17,5,11,0,0,3,0,24
503,Robert Suarez,SDP,4,3,4.23,26,0,0,0,0,8,3,27.2,108,15,13,13,4,10,3,0,0,0,24
504,Daniel Duarte,CIN,3,0,3.69,31,0,0,0,1,2,0,31.2,136,24,14,13,5,20,0,1,1,0,23
505,Zach Jackson,OAK,2,1,2.5,19,0,0,0,1,1,1,18,80,18,7,5,1,10,0,0,5,0,23
506,James McArthur,KCR,1,0,4.63,18,2,0,0,4,2,0,23.1,90,20,12,12,2,2,0,1,1,0,23
507,DL Hall,BAL,3,0,3.26,18,0,0,0,0,2,1,19.1,81,18,8,7,2,5,0,0,1,1,23
508,Austin Adams,ARI,0,1,5.71,24,0,0,0,0,7,1,17.1,81,16,12,11,1,8,0,5,2,0,22
509,Trey Wingenter,DET,1,0,5.82,17,0,0,0,0,0,0,17,76,16,11,11,2,7,0,3,3,0,22
510,Greg Weissert,NYY,0,0,4.05,17,0,0,0,0,2,0,20,87,21,9,9,3,8,0,1,1,1,22
511,Cody Bolton,PIT,1,0,6.33,16,0,0,0,0,1,0,21.1,107,30,15,15,3,15,0,1,0,0,22
512,Justin Bruihl,2 Tms,1,0,5.46,27,0,0,0,0,1,0,28,121,28,18,17,2,11,2,3,2,0,22
513,Gavin Stone,LAD,1,1,9,8,4,0,0,1,0,0,31,152,46,32,31,8,13,0,2,0,0,22
514,Ian Kennedy,TEX,0,1,7.16,16,0,0,0,0,0,1,16.1,75,16,15,13,4,7,0,2,1,0,21
515,Ryan Thompson,2 Tms,1,2,3.82,31,0,0,0,1,8,3,30.2,121,20,14,13,3,8,0,4,2,0,21
516,Dany Jiménez,OAK,0,2,3.47,25,1,0,0,1,7,1,23.1,94,11,9,9,3,14,1,0,2,0,21
517,Cole Sands,MIN,0,0,3.74,15,0,0,0,0,0,0,21.2,98,20,10,9,4,13,0,0,3,0,21
518,Dylan Coleman,KCR,0,2,8.84,23,1,0,0,0,5,1,18.1,96,18,19,18,3,19,1,5,3,0,21
519,Nick Mears,COL,0,1,3.72,16,0,0,0,0,1,0,19.1,87,14,8,8,1,14,0,1,1,1,21
520,Tommy Hunter,NYM,0,1,6.85,14,0,0,0,0,1,0,23.2,106,28,20,18,6,5,0,2,0,0,20
521,Casey Lawrence,STL,1,0,6.59,15,0,0,0,0,4,0,27.1,122,32,20,20,7,10,2,2,0,0,20
522,Matt Barnes,MIA,1,0,5.48,24,1,0,0,0,3,1,21.1,99,25,13,13,2,10,1,1,2,1,20
523,John King,2 Tms,2,1,3.62,35,0,0,0,0,12,2,37.1,157,45,15,15,2,10,0,0,0,0,20
524,Gus Varland,2 Tms,1,1,6.64,16,0,0,0,0,1,0,20.1,103,27,18,15,3,16,1,1,2,0,20
525,Joe Jacques,BOS,2,1,5.06,23,1,0,0,1,0,0,26.2,122,32,17,15,2,10,2,6,1,0,20
526,Slade Cecconi,ARI,0,1,4.33,7,4,0,0,0,0,0,27,111,27,13,13,4,4,0,2,0,0,20
527,AJ Smith-Shawver,ATL,1,0,4.26,6,5,0,0,0,0,0,25.1,105,17,14,12,7,11,0,1,3,0,20
528,Anthony Bass,TOR,0,0,4.95,22,0,0,0,0,1,0,20,88,19,12,11,3,9,2,0,1,0,19
529,Tyler Gilbert,ARI,0,2,5.19,11,0,0,0,0,0,0,17.1,72,21,10,10,2,5,0,0,1,0,19
530,Angel Felipe,OAK,1,1,4.2,14,0,0,0,0,4,1,15,64,6,7,7,0,13,0,1,1,0,19
531,Trevor Rogers,MIA,1,2,4,4,4,0,0,0,0,0,18,79,16,9,8,2,6,0,3,0,0,19
532,Kody Funderburk,MIN,2,0,0.75,11,0,0,0,0,1,0,12,47,6,1,1,1,5,0,1,0,0,19
533,Nick Wittgren,KCR,1,0,4.97,27,0,0,0,0,2,1,29,128,30,17,16,2,11,0,3,1,0,18
534,Drew Carlton,SDP,2,1,4.35,11,0,0,0,0,0,2,20.2,85,18,12,10,2,6,0,1,1,0,18
535,Tommy Doyle,COL,0,1,6.85,15,0,0,0,0,0,2,23.2,103,23,18,18,5,13,0,0,3,0,18
536,Yerry De Los Santos,PIT,1,1,3.33,22,0,0,0,0,3,0,24.1,104,17,10,9,1,13,3,1,0,0,18
537,Luis Patiño,2 Tms,0,1,4.57,9,1,0,0,0,0,0,21.2,99,21,12,11,3,14,0,0,2,0,18
538,Lane Ramsey,CHW,1,0,5.85,21,0,0,0,0,3,0,20,92,25,13,13,1,9,0,0,3,0,18
539,Sammy Peralta,CHW,2,0,4.05,16,0,0,0,0,0,0,20,90,19,11,9,2,11,0,0,0,0,18
540,Brad Boxberger,CHC,0,1,4.95,22,0,0,0,2,1,0,20,84,15,11,11,3,11,1,1,0,0,17
541,Tayler Scott,3 Tms,0,0,5.6,18,2,0,0,0,0,2,17.2,88,23,12,11,3,10,2,3,1,0,17
542,Germán Márquez,COL,2,2,4.95,4,4,0,0,0,0,0,20,80,19,11,11,4,3,0,0,0,1,17
543,Mike Mayers,KCR,1,2,6.15,6,2,0,0,0,0,0,26.1,119,34,19,18,4,10,0,0,2,0,17
544,José De León,MIN,0,1,4.67,12,1,0,0,0,0,0,17.1,70,16,10,9,2,5,0,1,0,0,17
545,Sean Newcomb,OAK,1,1,3,7,2,0,0,0,0,0,15,61,8,5,5,1,9,0,2,1,0,17
546,Tyler Kinley,COL,0,4,6.06,18,0,0,0,5,1,2,16.1,76,21,11,11,3,6,0,1,1,0,17
547,Andrew Suárez,STL,0,0,7.16,13,0,0,0,0,0,0,27.2,130,33,27,22,7,15,0,0,2,0,17
548,Justin Garza,BOS,0,2,7.36,17,1,0,0,0,0,0,18.1,91,22,17,15,3,12,1,1,2,1,17
549,Denyi Reyes,NYM,0,2,7.78,9,3,0,0,0,1,0,19.2,90,25,17,17,3,8,0,1,0,0,17
550,Jordan Balazovic,MIN,1,0,4.44,18,0,0,0,0,2,0,24.1,108,26,13,12,5,12,0,0,3,0,17
551,Brandon Hughes,CHC,0,3,7.24,17,0,0,0,0,1,2,13.2,63,14,11,11,2,8,1,1,0,0,17
552,Richard Bleier,BOS,1,0,5.28,27,0,0,0,0,2,1,30.2,132,37,20,18,5,5,1,3,3,0,16
553,Michael Kelly,CLE,1,0,3.78,14,0,0,0,0,0,0,16.2,71,13,8,7,0,9,0,0,3,0,16
554,Matt Carasiti,COL,1,0,6.29,16,0,0,0,1,3,0,24.1,110,28,19,17,3,11,0,1,1,0,16
555,Ben Heller,ATL,0,0,3.86,19,0,0,0,0,4,1,18.2,82,16,9,8,2,11,0,2,4,0,16
556,Chad Green,TOR,3,0,5.25,12,0,0,0,0,2,0,12,52,12,10,7,1,4,1,0,0,0,16
557,John Curtiss,NYM,0,0,4.58,15,0,0,0,0,2,1,19.2,81,17,10,10,3,8,0,0,0,0,16
558,Reed Garrett,2 Tms,1,0,6.41,11,0,0,0,0,0,0,19.2,87,22,14,14,3,7,0,1,0,0,16
559,Luis F. Ortiz,PHI,0,0,3.32,14,0,0,0,1,0,0,19,80,23,7,7,1,5,0,0,0,0,16
560,Triston McKenzie,CLE,0,3,5.06,4,4,0,0,0,0,0,16,73,12,9,9,1,13,0,0,1,0,16
561,Miguel Díaz,DET,1,0,0.64,12,3,0,0,0,2,0,14,54,8,1,1,0,5,0,0,0,0,16
562,Jorge Alcala,MIN,0,1,6.23,11,0,0,0,0,2,1,17.1,75,14,13,12,5,10,0,1,0,0,16
563,Devin Smeltzer,MIA,0,1,6.45,9,1,0,0,0,0,0,22.1,100,29,18,16,7,4,0,4,1,0,16
564,Kris Bubic,KCR,0,2,3.94,3,3,0,0,0,0,0,16,68,19,7,7,1,2,0,1,1,0,16
565,Penn Murfee,SEA,1,2,1.29,16,0,0,0,0,1,1,14,58,5,5,2,1,10,3,1,0,1,16
566,Brandon Walter,BOS,0,0,6.26,9,0,0,0,1,0,0,23,106,32,17,16,3,7,0,1,1,0,16
567,Karl Kauffmann,COL,2,5,8.23,11,3,0,0,0,0,0,35,158,42,34,32,5,16,0,4,1,0,16
568,Rob Zastryzny,PIT,1,0,4.79,21,1,0,0,0,2,1,20.2,97,24,15,11,1,13,1,0,2,0,15
569,Zack Weiss,2 Tms,1,0,3.21,12,0,0,0,0,0,0,14,58,9,6,5,4,6,0,1,0,0,15
570,Taylor Hearn,3 Tms,0,0,11.4,13,0,0,0,0,1,0,15,76,23,19,19,4,8,0,0,1,0,15
571,Eduard Bazardo,2 Tms,0,0,4.5,12,0,0,0,0,0,0,16,67,15,8,8,2,4,0,0,0,0,15
572,Parker Mushinski,HOU,0,0,5.52,14,0,0,0,0,1,0,14.2,69,19,9,9,5,4,0,4,0,0,15
573,Yerry Rodríguez,TEX,0,1,7.9,13,1,0,0,0,0,1,13.2,66,20,12,12,1,6,1,0,1,0,15
574,Steven Cruz,KCR,0,0,4.97,10,4,0,0,0,0,0,12.2,62,11,7,7,1,11,0,1,1,0,15
575,Amos Willingham,WSN,0,2,6.66,18,0,0,0,0,0,0,24.1,116,35,18,18,8,9,2,1,0,0,15
576,Joe Boyle,OAK,2,0,1.69,3,3,0,0,0,0,0,16,60,8,4,3,1,5,0,0,0,0,15
577,Dylan Dodd,ATL,2,2,7.6,7,7,0,0,0,0,0,34.1,164,53,29,29,9,12,1,1,1,0,15
578,Lucas Luetge,ATL,1,0,7.24,12,0,0,0,0,0,1,13.2,65,17,11,11,2,7,0,1,2,0,14
579,Joely Rodríguez,BOS,0,0,6.55,11,0,0,0,0,0,0,11,51,13,9,8,2,6,0,0,0,0,14
580,Domingo Tapia,SDP,0,1,3.57,15,0,0,0,1,1,0,17.2,75,13,8,7,2,12,1,1,0,0,14
581,Duane Underwood Jr.,PIT,1,0,5.18,20,0,0,0,2,3,0,24.1,100,24,14,14,3,11,0,0,0,0,14
582,Javy Guerra,2 Tms,0,0,6.05,17,2,0,0,0,0,0,19.1,97,17,13,13,2,22,3,2,2,0,14
583,Garrett Cleavinger,TBR,1,0,3,15,0,0,0,0,0,2,12,48,6,5,4,2,6,0,1,1,0,14
584,Zach Plesac,CLE,1,1,7.59,5,5,0,0,0,0,0,21.1,105,37,20,18,3,5,0,0,0,0,14
585,Zach Pop,TOR,1,1,6.59,15,0,0,0,0,1,0,13.2,56,11,11,10,4,6,0,0,1,0,14
586,Bruce Zimmermann,BAL,2,0,4.73,7,0,0,0,0,0,0,13.1,61,17,8,7,3,0,0,2,1,0,14
587,Francisco Pérez,OAK,1,2,5.94,17,1,0,0,0,0,1,16.2,74,17,12,11,0,8,1,1,1,0,14
588,Oliver Ortega,MIN,0,1,4.3,10,0,0,0,0,1,0,14.2,63,11,7,7,2,7,0,1,1,0,14
589,Freddy Tarnok,OAK,1,1,4.91,5,1,0,0,0,0,0,14.2,65,11,8,8,4,11,0,0,2,0,14
590,Justin Martinez,ARI,0,0,12.6,10,0,0,0,1,0,0,10,57,13,14,14,2,11,1,2,1,0,14
591,Garrett Hill,DET,0,0,9.19,9,0,0,0,1,1,0,15.2,80,19,20,16,4,14,0,1,1,0,14
592,Darius Vines,ATL,1,0,3.98,5,2,0,0,0,0,0,20.1,84,15,10,9,3,7,0,1,0,0,14
593,Sam Bachman,LAA,1,2,3.18,11,0,0,0,1,2,1,17,77,17,7,6,0,11,1,1,3,0,14
594,Kevin Herget,CIN,1,2,5.18,14,0,0,0,1,0,0,24.1,105,26,14,14,4,6,1,2,1,1,13
595,Kolby Allard,ATL,0,1,6.57,4,3,0,0,0,0,0,12.1,56,16,9,9,2,4,0,0,1,0,13
596,Mitch White,TOR,0,1,7.11,10,0,0,0,0,0,0,12.2,60,15,11,10,2,7,0,0,1,0,13
597,Reiver Sanmartin,CIN,1,0,7.07,14,0,0,0,0,1,0,14,70,17,13,11,2,10,0,0,2,0,13
598,Adam Oller,OAK,1,1,10.07,9,1,0,0,0,0,0,19.2,101,29,24,22,5,12,0,1,1,0,13
599,J.C. Mejía,MIL,1,0,5.56,9,0,0,0,0,1,1,11.1,50,15,7,7,2,3,0,1,1,0,13
600,Jeremiah Estrada,CHC,0,0,6.75,12,0,0,0,0,1,0,10.2,56,12,8,8,4,12,1,0,0,0,13
601,Adam Cimber,TOR,0,2,7.4,22,0,0,0,1,1,1,20.2,95,25,18,17,6,7,0,4,0,0,12
602,Nabil Crismatt,2 Tms,0,2,8.31,8,0,0,0,0,0,0,13,65,19,13,12,3,7,0,1,2,1,12
603,Dennis Santana,NYM,1,0,5.91,9,0,0,0,0,2,0,10.2,50,10,7,7,2,7,0,1,1,0,12
604,Josh Walker,NYM,0,1,8.1,13,0,0,0,0,1,0,10,48,12,11,9,2,6,0,0,1,1,12
605,Lyon Richardson,CIN,0,2,8.64,4,4,0,0,0,0,0,16.2,81,17,16,16,6,15,0,0,0,0,12
606,Jackson Rutledge,WSN,1,1,6.75,4,4,0,0,0,0,0,20,88,24,15,15,4,6,0,2,1,0,12
607,Garrett Crochet,CHW,0,2,3.55,13,0,0,0,0,0,1,12.2,64,12,6,5,1,13,0,1,1,0,12
608,Bryce Jarvis,ARI,2,1,3.04,11,1,0,0,0,0,0,23.2,92,14,9,8,3,9,0,0,0,0,12
609,Carson Spiers,CIN,0,1,6.92,4,2,0,0,1,0,0,13,64,18,12,10,1,7,0,0,0,0,12
610,Ryan Tepera,2 Tms,2,2,7.59,12,0,0,0,0,4,2,10.2,57,18,11,9,3,4,1,3,0,0,11
611,Luis Cessa,CIN,1,4,9,7,6,0,0,0,0,0,26,132,46,26,26,3,12,0,1,2,0,11
612,Daniel Norris,CLE,0,0,5.68,7,0,0,0,0,0,0,12.2,63,10,11,8,3,12,0,1,0,0,11
613,Jackson Stephens,ATL,0,0,3,5,0,0,0,0,0,0,12,52,13,4,4,1,5,0,0,1,0,11
614,Jimmy Yacabonis,NYM,2,1,6.59,7,0,0,0,0,0,0,13.2,62,14,10,10,2,6,0,1,0,0,11
615,Trevor Kelley,TBR,0,1,5.87,10,3,0,0,0,1,0,15.1,69,16,10,10,4,6,1,2,1,1,11
616,Anthony Kay,2 Tms,0,0,6.14,16,0,0,0,0,0,1,14.2,66,13,10,10,2,9,0,2,1,0,11
617,Glenn Otto,TEX,0,0,10.12,6,0,0,0,0,1,0,10.2,51,14,12,12,6,6,0,0,0,0,11
618,Collin Snider,KCR,0,0,4.87,20,1,0,0,1,3,1,20.1,95,24,12,11,3,13,0,0,0,0,11
619,Ty Adcock,SEA,0,0,3.45,12,0,0,0,0,0,0,15.2,58,11,7,6,4,0,0,0,0,0,11
620,Casey Legumina,CIN,1,0,5.68,11,0,0,0,0,1,0,12.2,61,16,11,8,3,9,0,0,1,0,11
621,Matt Bush,MIL,0,2,9.58,12,0,0,0,1,1,3,10.1,48,11,11,11,5,6,0,0,0,0,10
622,Madison Bumgarner,ARI,0,3,10.26,4,4,0,0,0,0,0,16.2,90,25,20,19,4,15,0,1,0,0,10
623,Andrew Kittredge,TBR,2,0,3.09,14,0,0,0,1,1,0,11.2,50,12,4,4,1,2,0,1,0,0,10
624,John Means,BAL,1,2,2.66,4,4,0,0,0,0,0,23.2,88,13,7,7,4,4,0,1,0,0,10
625,Tyson Miller,3 Tms,1,0,4.7,10,0,0,0,0,0,0,15.1,64,13,8,8,2,6,0,1,2,0,10
626,Rico Garcia,2 Tms,0,0,9.26,10,0,0,0,0,1,0,11.2,60,19,12,12,5,6,0,0,1,0,10
627,Zach Logue,DET,0,0,7.36,3,0,0,0,0,0,0,11,49,13,9,9,3,2,0,0,0,0,10
628,Deivi García,2 Tms,0,1,2.4,8,0,0,0,1,0,0,15,67,9,9,4,2,12,0,1,0,0,10
629,Max Castillo,KCR,0,1,4.43,7,0,0,0,0,0,0,20.1,89,20,10,10,2,9,1,3,0,0,10
630,Hunter Stratton,PIT,0,0,2.25,8,0,0,0,0,0,1,12,47,9,3,3,2,3,0,1,1,0,10
631,Ben Joyce,LAA,1,1,5.4,12,0,0,0,0,4,0,10,48,9,6,6,1,9,0,1,1,0,10
632,Jeurys Familia,OAK,0,1,6.39,14,0,0,0,2,1,2,12.2,64,13,12,9,2,13,0,1,0,0,9
633,Brett Kennedy,CIN,1,0,6.5,5,2,0,0,0,0,0,18,83,19,13,13,1,7,0,3,0,0,9
634,Connor Overton,CIN,0,1,11.45,3,3,0,0,0,0,0,11,55,19,14,14,3,7,0,0,0,0,9
635,Hobie Harris,WSN,0,0,5.12,16,0,0,0,0,0,0,19.1,91,21,12,11,2,13,0,1,1,0,9
636,Kirby Snead,OAK,1,2,4.63,15,0,0,0,0,7,3,11.2,56,14,7,6,1,6,1,0,3,0,9
637,Chad Smith,OAK,1,2,6.59,10,0,0,0,0,0,0,13.2,60,15,10,10,2,7,0,2,1,0,9
638,Nick Vespi,BAL,1,0,4.3,9,0,0,0,0,0,0,14.2,59,16,7,7,2,2,1,1,0,0,9
639,Jonathan Heasley,KCR,0,0,7.2,12,0,0,0,0,1,1,15,63,17,13,12,5,2,0,1,1,0,9
640,Levi Stoudt,CIN,0,1,9.58,4,2,0,0,0,0,0,10.1,55,16,11,11,1,8,0,0,0,1,9
641,Davis Daniel,LAA,1,1,2.19,3,0,0,0,0,0,0,12.1,52,7,3,3,1,9,0,0,1,0,9
642,Jacob Barnes,STL,0,1,5.93,13,0,0,0,0,0,0,13.2,61,18,11,9,1,3,0,1,0,0,8
643,Anthony Misiewicz,3 Tms,2,0,7.36,11,0,0,0,0,1,1,11,55,17,11,9,2,6,0,0,3,0,8
644,Jacob Lopez,TBR,1,0,4.38,4,1,0,0,1,0,0,12.1,54,14,7,6,0,2,0,2,1,0,8
645,Declan Cronin,CHW,0,1,9,9,0,0,0,0,1,0,11,51,11,12,11,3,7,0,2,0,0,8
646,Ryan Weber,NYY,1,0,3.14,8,0,0,0,1,1,0,14.1,60,17,5,5,2,1,0,1,0,0,7
647,Spencer Patton,OAK,0,0,5.11,12,0,0,0,0,2,0,12.1,55,13,7,7,3,6,1,0,0,0,7
648,Chase De Jong,PIT,0,0,13.5,6,0,0,0,0,0,0,11.1,60,18,17,17,6,6,0,2,1,0,7
649,James Naile,STL,0,0,8.8,10,0,0,0,0,1,0,15.1,80,27,19,15,1,9,0,0,0,0,7
650,Joey Estes,OAK,0,1,7.2,2,2,0,0,0,0,0,10,47,12,9,8,4,2,1,3,1,0,7
651,Drew Rucinski,OAK,0,4,9,4,4,0,0,0,0,0,18,95,27,22,18,5,14,0,1,0,0,6
652,Carson Fulmer,LAA,1,1,2.7,3,1,0,0,0,0,0,10,39,6,3,3,1,4,0,1,1,1,6
653,Jonathan Loáisiga,NYY,0,2,3.06,17,0,0,0,0,5,0,17.2,69,14,7,6,2,1,1,2,0,0,6
654,Peter Solomon,ARI,0,0,12.15,5,0,0,0,0,0,0,13.1,67,17,18,18,2,11,0,1,1,0,6
655,Andrew Saalfrank,ARI,0,0,0,10,0,0,0,0,3,0,10.1,41,7,2,0,0,4,1,0,0,0,6
656,Emerson Hancock,SEA,0,0,4.5,3,3,0,0,0,0,0,12,49,13,6,6,1,3,0,0,0,0,6
657,Juan Then,SEA,0,0,4.91,9,0,0,0,0,0,0,11,48,14,6,6,3,2,0,0,1,0,5
658,Eduardo Salazar,CIN,1,0,8.03,8,0,0,0,0,0,0,12.1,61,16,11,11,0,5,0,4,1,0,5
659,Joel Kuhnel,2 Tms,0,0,5.54,9,0,0,0,0,0,0,13,58,16,8,8,2,5,1,1,0,0,3
