,SS.Season,SS.Name,SS.Team.x,SS.G,SS.AB,SS.PA,SS.H,SS.B1,SS.B2,SS.B3,SS.HR,SS.R,SS.RBI,SS.BB,SS.IBB,SS.SO,SS.HBP,SS.SF,SS.SH,SS.GDP,SS.SB,SS.CS,SS.AVG,SS.BB_perc,SS.K_perc,SS.ISO,SS.BABIP,SS.OBP,SS.SLG,SS.wOBA,SS.wRC.,SS.BsR,SS.Off,SS.WAR,SS.Team.y,SS.Position,SS.score,SS.perPA,SS.perAB
1,2023,Mookie Betts,LAD,152,584,693,179,99,40,1,39,126,107,96,3,107,8,5,0,5,14,3,0.307,0.139,0.154,0.272,0.316,0.408,0.579,0.416,167,3.5,60.8,8.3,LAD,SS,577,0.832611833,0.988013699
2,2023,Bobby Witt Jr.,KCR,158,641,694,177,108,28,11,30,97,96,40,1,121,4,8,1,11,49,15,0.276,0.058,0.174,0.218,0.295,0.319,0.495,0.343,115,7,19.3,5.7,KCR,SS,479,0.690201729,0.747269891
3,2023,Corey Seager,TEX,119,477,536,156,81,42,0,33,88,96,49,9,88,4,6,0,9,2,1,0.327,0.091,0.164,0.296,0.34,0.39,0.623,0.419,169,-5.4,38.8,6.1,TEX,SS,453,0.845149254,0.949685535
4,2023,Francisco Lindor,NYM,160,602,687,153,87,33,2,31,108,98,66,1,137,12,7,0,8,31,4,0.254,0.096,0.199,0.216,0.277,0.336,0.47,0.346,121,7.7,25.9,6,NYM,SS,450,0.655021834,0.747508306
5,2023,Nico Hoerner,CHC,150,619,688,175,135,27,4,9,98,68,49,0,83,14,5,1,12,43,7,0.283,0.071,0.121,0.1,0.312,0.346,0.383,0.322,102,9.7,11.5,4.7,CHC,SS,412,0.598837209,0.665589661
6,2023,Trea Turner,PHI,155,639,691,170,104,35,5,26,102,76,45,2,150,6,1,0,12,30,0,0.266,0.065,0.217,0.192,0.31,0.32,0.459,0.333,108,7.3,14.1,3.8,PHI,SS,398,0.575976845,0.6228482
7,2023,Xander Bogaerts,SDP,155,596,665,170,118,31,2,19,83,58,56,0,110,7,6,0,21,19,2,0.285,0.084,0.165,0.154,0.319,0.35,0.44,0.343,120,-0.9,15.7,4.4,SDP,SS,368,0.553383459,0.617449664
8,2023,J.P. Crawford,SEA,145,534,638,142,88,35,0,19,94,65,94,1,125,5,2,3,7,2,0,0.266,0.147,0.196,0.172,0.314,0.38,0.438,0.359,134,1.6,27.7,4.9,SEA,SS,365,0.572100313,0.683520599
9,2023,Gunnar Henderson,BAL,150,560,622,143,77,29,9,28,100,82,56,1,159,3,3,0,10,10,3,0.255,0.09,0.256,0.234,0.306,0.325,0.489,0.346,123,5.2,22.3,4.6,BAL,SS,364,0.585209003,0.65
10,2023,Ha-Seong Kim,SDP,152,538,626,140,100,23,0,17,84,60,75,1,124,3,5,5,7,38,9,0.26,0.12,0.198,0.138,0.306,0.351,0.398,0.33,112,5.1,14.1,4.4,SDP,SS,348,0.555910543,0.646840149
11,2023,CJ Abrams,WSN,151,563,614,138,86,28,6,18,83,64,32,2,118,13,3,3,7,47,4,0.245,0.052,0.192,0.167,0.279,0.3,0.412,0.306,90,9.5,2,2.1,WSN,SS,342,0.557003257,0.607460036
12,2023,Wander Franco,TBR,112,442,491,124,78,23,6,17,65,58,42,3,69,3,4,0,18,30,10,0.281,0.086,0.141,0.195,0.297,0.344,0.475,0.349,127,0.1,16.2,4.6,TBR,SS,339,0.690427699,0.766968326
13,2023,Bo Bichette,TOR,135,571,601,175,122,30,3,20,69,73,27,0,115,2,1,0,14,5,3,0.306,0.045,0.191,0.168,0.355,0.339,0.475,0.349,125,-1.7,16,3.8,TOR,SS,330,0.549084859,0.57793345
14,2023,Dansby Swanson,CHC,147,565,638,138,88,25,3,22,81,80,66,0,154,5,2,0,9,9,1,0.244,0.103,0.241,0.172,0.297,0.328,0.416,0.325,104,4.6,7.5,4.9,CHC,SS,317,0.496865204,0.561061947
15,2023,Willy Adames,MIL,149,553,638,120,65,29,2,24,73,80,71,1,165,6,6,0,12,5,3,0.217,0.111,0.259,0.19,0.259,0.31,0.407,0.311,94,-0.3,-5.3,3.4,MIL,SS,290,0.454545455,0.524412297
16,2023,Tommy Edman,STL,137,479,528,119,77,25,4,13,69,47,35,1,84,7,4,3,9,27,4,0.248,0.066,0.159,0.15,0.275,0.307,0.399,0.306,92,1.8,-3.2,2.3,STL,SS,286,0.541666667,0.597077244
17,2023,Jeremy Peña,HOU,150,577,634,152,107,32,3,10,81,52,43,1,129,9,1,1,11,13,9,0.263,0.068,0.203,0.118,0.323,0.324,0.381,0.31,96,0.1,-2.6,2.8,HOU,SS,281,0.443217666,0.487001733
18,2023,Orlando Arcia,ATL,139,488,533,129,87,25,0,17,66,65,39,0,102,3,3,0,14,1,0,0.264,0.073,0.191,0.156,0.301,0.321,0.42,0.321,99,-2.1,-2.7,2.3,ATL,SS,274,0.514071295,0.56147541
19,2023,Mauricio Dubón,HOU,132,467,492,130,91,26,3,10,76,46,19,0,70,3,3,0,10,7,2,0.278,0.039,0.142,0.133,0.308,0.309,0.411,0.311,97,0.1,-1.6,1.9,HOU,SS,270,0.548780488,0.578158458
20,2023,Amed Rosario,2 Tms,142,510,545,134,95,25,8,6,70,58,29,0,99,3,3,0,15,15,2,0.263,0.053,0.182,0.116,0.314,0.305,0.378,0.297,88,-2,-9.6,0.2,2 Tms,SS,266,0.488073394,0.521568627
21,2023,Carlos Correa,MIN,135,514,580,118,69,29,2,18,60,65,59,3,131,4,3,0,30,0,0,0.23,0.102,0.226,0.169,0.272,0.312,0.399,0.309,96,-9.2,-11.8,1.1,MIN,SS,261,0.45,0.507782101
22,2023,Ezequiel Tovar,COL,153,581,615,147,91,37,4,15,79,73,25,0,166,4,3,2,10,11,5,0.253,0.041,0.27,0.155,0.328,0.287,0.408,0.298,70,-0.6,-23.3,1.6,COL,SS,259,0.421138211,0.445783133
23,2023,Geraldo Perdomo,ARI,144,407,495,100,70,20,4,6,71,47,64,1,86,6,4,14,2,16,4,0.246,0.129,0.174,0.113,0.295,0.353,0.359,0.319,99,5,4.3,2.7,ARI,SS,259,0.523232323,0.636363636
24,2023,Luis Rengifo,LAA,126,394,445,104,69,15,4,16,55,51,41,0,82,6,4,0,3,6,4,0.264,0.092,0.184,0.18,0.293,0.339,0.444,0.339,114,0.1,7.6,1.9,LAA,SS,246,0.552808989,0.624365482
25,2023,Thairo Estrada,SFG,120,495,530,134,92,26,2,14,63,49,22,1,120,11,2,0,10,23,7,0.271,0.042,0.226,0.145,0.331,0.315,0.416,0.316,101,4.8,5.4,3.9,SFG,SS,244,0.460377358,0.492929293
26,2023,Anthony Volpe,NYY,159,541,601,113,65,23,4,21,62,60,52,0,167,5,2,1,10,24,5,0.209,0.087,0.278,0.174,0.259,0.283,0.383,0.29,84,3.5,-7.8,1.9,NYY,SS,238,0.396006656,0.439926063
27,2023,Christopher Morel,CHC,107,388,429,96,50,17,3,26,62,70,36,0,133,2,2,1,7,6,2,0.247,0.084,0.31,0.26,0.303,0.313,0.508,0.347,119,2.3,12.3,1.4,CHC,SS,238,0.554778555,0.613402062
28,2023,Matt McLain,CIN,89,365,403,106,63,23,4,16,65,50,31,0,115,7,0,0,5,14,5,0.29,0.077,0.285,0.216,0.385,0.357,0.507,0.37,128,0.8,14.9,3.2,CIN,SS,230,0.570719603,0.630136986
29,2023,Enrique Hernández,2 Tms,140,465,508,110,76,23,0,11,57,61,34,1,97,3,6,0,17,4,1,0.237,0.067,0.191,0.12,0.273,0.289,0.357,0.282,72,-3.1,-20,-1.3,2 Tms,SS,226,0.44488189,0.486021505
30,2023,Maikel Garcia,KCR,123,464,515,126,98,20,4,4,59,50,38,0,115,2,10,1,9,23,7,0.272,0.074,0.223,0.086,0.344,0.323,0.358,0.299,84,-0.8,-10.7,1.9,KCR,SS,221,0.429126214,0.476293103
31,2023,Jon Berti,MIA,133,388,424,114,88,16,3,7,53,33,29,2,77,2,3,2,10,16,6,0.294,0.068,0.182,0.111,0.349,0.344,0.405,0.325,103,0.6,1.9,2.1,MIA,SS,213,0.502358491,0.548969072
32,2023,Willi Castro,MIN,124,358,409,92,60,18,5,9,60,34,34,1,99,12,3,2,5,33,5,0.257,0.083,0.242,0.154,0.328,0.339,0.411,0.327,109,6.4,10.9,2.5,MIN,SS,210,0.513447433,0.586592179
33,2023,Zach McKinstry,DET,148,464,518,107,73,21,4,9,60,35,44,0,113,5,3,2,3,16,6,0.231,0.085,0.218,0.121,0.284,0.302,0.351,0.289,81,1.7,-10,1.2,DET,SS,205,0.395752896,0.441810345
34,2023,Elly De La Cruz,CIN,98,388,427,91,56,15,7,13,67,44,35,3,144,2,1,1,6,35,8,0.235,0.082,0.337,0.175,0.336,0.3,0.41,0.305,84,5,-3.3,1.7,CIN,SS,199,0.466042155,0.512886598
35,2023,Javier Báez,DET,136,510,547,113,82,18,4,9,58,59,24,0,125,9,3,0,12,12,0,0.222,0.044,0.229,0.104,0.274,0.267,0.325,0.261,61,2.3,-23,0.8,DET,SS,194,0.354661792,0.380392157
36,2023,Ezequiel Duran,TEX,122,406,439,112,74,22,2,14,55,46,23,1,120,7,2,1,7,8,4,0.276,0.052,0.273,0.167,0.358,0.324,0.443,0.33,107,-3.8,0.1,0.9,TEX,SS,193,0.439635535,0.475369458
37,2023,Miguel Rojas,LAD,125,385,423,91,69,16,1,5,49,31,26,0,48,5,5,2,12,8,3,0.236,0.061,0.113,0.086,0.255,0.29,0.322,0.271,69,-1.9,-18.1,0.6,LAD,SS,190,0.449172577,0.493506494
38,2023,Elvis Andrus,CHW,112,374,406,94,67,20,1,6,39,44,25,1,71,4,2,1,11,12,4,0.251,0.062,0.175,0.107,0.294,0.304,0.358,0.29,81,0.9,-8.3,1.1,CHW,SS,184,0.45320197,0.49197861
39,2023,Chris Taylor,LAD,117,338,384,80,49,15,1,15,51,56,41,2,125,4,1,0,2,16,3,0.237,0.107,0.326,0.183,0.327,0.326,0.42,0.323,104,3.3,5.4,1.9,LAD,SS,183,0.4765625,0.541420118
40,2023,Brice Turang,MIL,137,404,448,88,70,9,3,6,46,34,38,1,94,1,2,3,9,26,4,0.218,0.085,0.21,0.082,0.268,0.285,0.3,0.262,60,3.9,-18.1,0.2,MIL,SS,172,0.383928571,0.425742574
41,2023,Jorge Mateo,BAL,116,318,350,69,46,14,2,7,58,34,22,0,82,1,3,5,8,32,5,0.217,0.063,0.234,0.123,0.267,0.267,0.34,0.265,67,4.3,-9.5,0.5,BAL,SS,172,0.491428571,0.540880503
42,2023,Kyle Farmer,MIN,120,336,369,86,59,14,2,11,49,46,23,0,86,8,2,0,7,2,4,0.256,0.062,0.233,0.152,0.311,0.317,0.408,0.316,101,0.5,1,1.6,MIN,SS,171,0.463414634,0.508928571
43,2023,Taylor Walls,TBR,99,303,349,61,39,12,2,8,50,36,44,0,92,1,0,1,1,22,1,0.201,0.126,0.264,0.132,0.261,0.305,0.333,0.287,85,6.5,0.1,1,TBR,SS,161,0.461318052,0.531353135
44,2023,Ildemaro Vargas,WSN,86,262,286,66,47,13,2,4,32,31,19,0,20,1,1,3,10,1,1,0.252,0.066,0.07,0.111,0.259,0.304,0.363,0.292,81,-2.7,-9.6,0.1,WSN,SS,158,0.552447552,0.603053435
45,2023,Ji Hwan Bae,PIT,111,334,371,77,56,17,2,2,54,32,30,0,92,2,2,3,4,24,9,0.231,0.081,0.248,0.081,0.31,0.296,0.311,0.272,66,2.9,-12.7,-0.3,PIT,SS,152,0.409703504,0.45508982
46,2023,Tim Anderson,CHW,123,493,524,121,100,18,2,1,52,25,26,0,122,3,2,0,15,13,2,0.245,0.05,0.233,0.051,0.323,0.286,0.296,0.26,60,-1,-26.1,-0.5,CHW,SS,140,0.267175573,0.283975659
47,2023,Andruw Monasterio,MIL,92,282,315,73,55,14,1,3,38,27,28,0,66,3,2,0,9,7,2,0.259,0.089,0.21,0.089,0.326,0.33,0.348,0.302,88,-3.2,-8.1,0.4,MIL,SS,132,0.419047619,0.468085106
48,2023,Kevin Newman,CIN,74,225,253,57,38,16,0,3,28,28,17,0,34,4,5,2,7,8,1,0.253,0.067,0.134,0.111,0.28,0.311,0.364,0.296,78,0,-6.8,0,CIN,SS,129,0.509881423,0.573333333
49,2023,Zach Neto,LAA,84,289,329,65,39,17,0,9,38,34,20,0,77,16,3,1,5,5,1,0.225,0.061,0.234,0.152,0.272,0.308,0.377,0.302,89,-0.4,-4.9,1.1,LAA,SS,129,0.392097264,0.446366782
50,2023,José Caballero,SEA,104,231,280,51,37,9,1,4,37,26,28,0,66,17,4,0,0,26,3,0.221,0.1,0.236,0.1,0.285,0.343,0.32,0.305,96,5.2,4,2.2,SEA,SS,125,0.446428571,0.541125541
51,2023,Edmundo Sosa,PHI,104,279,300,70,43,15,2,10,34,30,8,0,74,9,1,2,10,4,2,0.251,0.027,0.247,0.176,0.306,0.293,0.427,0.309,92,0,-3,0.9,PHI,SS,121,0.403333333,0.433691756
52,2023,Nicky Lopez,2 Tms,94,225,262,52,40,8,3,1,32,25,26,0,40,6,1,4,3,6,2,0.231,0.099,0.153,0.076,0.276,0.326,0.307,0.288,77,0.3,-7.1,1.1,2 Tms,SS,118,0.450381679,0.524444444
53,2023,Santiago Espinal,TOR,93,230,254,57,41,14,0,2,30,25,18,1,36,3,1,2,5,2,1,0.248,0.071,0.142,0.087,0.285,0.31,0.335,0.285,80,0.4,-5.6,0.1,TOR,SS,117,0.460629921,0.508695652
54,2023,Oswaldo Cabrera,NYY,115,298,330,63,47,11,0,5,35,29,25,1,72,2,2,3,6,8,0,0.211,0.076,0.218,0.087,0.26,0.275,0.299,0.256,60,1.4,-14.3,-0.6,NYY,SS,115,0.348484848,0.38590604
55,2023,Paul DeJong,3 Tms,112,372,400,77,50,13,0,14,41,38,21,0,121,5,2,0,10,4,4,0.207,0.053,0.303,0.148,0.264,0.258,0.355,0.266,66,-3.8,-20.4,0.3,3 Tms,SS,115,0.2875,0.309139785
56,2023,Pablo Reyes,BOS,64,167,185,48,37,9,0,2,27,20,14,0,21,0,2,2,3,7,2,0.287,0.076,0.114,0.09,0.315,0.339,0.377,0.315,93,0.9,-0.7,0.5,BOS,SS,110,0.594594595,0.658682635
57,2023,Aledmys Díaz,OAK,109,315,344,72,47,20,1,4,25,24,17,2,66,7,4,1,14,1,0,0.229,0.049,0.192,0.108,0.273,0.28,0.337,0.268,72,-3.1,-14.8,-0.4,OAK,SS,109,0.316860465,0.346031746
58,2023,Brandon Crawford,SFG,94,283,320,55,36,11,1,7,31,38,28,1,81,4,4,1,5,3,0,0.194,0.088,0.253,0.12,0.241,0.273,0.314,0.26,63,0.9,-13.7,0.4,SFG,SS,109,0.340625,0.385159011
59,2023,Nick Allen,OAK,106,303,329,67,57,4,2,4,29,20,17,0,52,1,2,6,8,5,1,0.221,0.052,0.158,0.066,0.253,0.263,0.287,0.245,55,-0.2,-17.9,-0.1,OAK,SS,106,0.32218845,0.349834983
60,2023,Nick Maton,DET,93,249,293,43,26,9,0,8,29,32,38,1,73,3,2,1,4,1,2,0.173,0.13,0.249,0.133,0.206,0.288,0.305,0.268,67,-0.6,-12.2,-1.1,DET,SS,104,0.354948805,0.417670683
61,2023,Gio Urshela,LAA,62,214,228,64,53,8,1,2,22,24,10,0,36,1,3,0,9,3,2,0.299,0.044,0.158,0.075,0.346,0.329,0.374,0.307,92,-1.7,-4,0.4,LAA,SS,103,0.451754386,0.481308411
62,2023,Garrett Hampson,MIA,98,221,252,61,45,12,1,3,30,23,23,0,67,3,2,3,3,5,0,0.276,0.091,0.266,0.104,0.379,0.349,0.38,0.323,101,1.8,2.1,0.7,MIA,SS,98,0.388888889,0.443438914
63,2023,Joey Wendle,MIA,112,297,318,63,42,16,3,2,33,20,13,0,67,2,3,3,8,7,1,0.212,0.041,0.211,0.094,0.264,0.248,0.306,0.242,47,0.2,-20.7,-0.8,MIA,SS,97,0.305031447,0.326599327
64,2023,Zack Short,DET,112,221,253,45,29,9,0,7,17,33,28,0,66,0,1,3,3,5,0,0.204,0.111,0.261,0.136,0.255,0.292,0.339,0.281,76,-0.6,-8,-0.2,DET,SS,92,0.363636364,0.416289593
65,2023,Alan Trejo,COL,83,207,227,48,33,11,0,4,24,26,16,0,51,1,2,1,3,5,1,0.232,0.07,0.225,0.111,0.286,0.288,0.343,0.277,56,0.5,-11.8,-0.2,COL,SS,91,0.400881057,0.439613527
66,2023,Gabriel Arias,CLE,122,315,345,66,41,15,0,10,36,26,28,0,113,1,1,0,9,3,4,0.21,0.081,0.328,0.143,0.29,0.275,0.352,0.276,74,-1.7,-12.4,0.4,CLE,SS,91,0.263768116,0.288888889
67,2023,Casey Schmitt,SFG,90,253,277,52,32,15,0,5,28,30,13,0,65,5,3,3,7,2,1,0.206,0.047,0.235,0.119,0.253,0.255,0.324,0.254,59,-2,-16,-0.6,SFG,SS,90,0.324909747,0.355731225
68,2023,Tucupita Marcano,PIT,75,202,220,47,30,12,2,3,16,18,10,0,35,3,2,3,2,5,2,0.233,0.045,0.159,0.124,0.265,0.276,0.356,0.275,68,0.1,-8.6,-0.4,PIT,SS,86,0.390909091,0.425742574
69,2023,Christian Arroyo,BOS,66,195,206,47,28,16,0,3,23,24,7,0,45,1,2,1,8,1,3,0.241,0.034,0.218,0.128,0.295,0.268,0.369,0.274,65,-2.3,-11,-0.4,BOS,SS,82,0.398058252,0.420512821
70,2023,Harold Castro,COL,99,258,270,65,51,13,0,1,24,31,9,0,66,0,2,1,5,1,0,0.252,0.033,0.244,0.062,0.332,0.275,0.314,0.258,43,-0.8,-19.7,-1.6,COL,SS,80,0.296296296,0.310077519
71,2023,Josh Smith,TEX,90,195,232,36,21,8,1,6,29,15,25,0,55,9,1,2,3,1,0,0.185,0.108,0.237,0.144,0.222,0.304,0.328,0.287,78,-1.3,-7.6,0,TEX,SS,79,0.340517241,0.405128205
72,2023,Tyler Freeman,CLE,64,153,168,37,26,7,0,4,20,18,10,0,30,2,1,2,3,5,0,0.242,0.06,0.179,0.124,0.275,0.295,0.366,0.29,84,1.5,-1.7,0.2,CLE,SS,79,0.470238095,0.516339869
73,2023,Liover Peguero,PIT,59,198,213,47,35,4,1,7,21,26,11,0,67,1,1,2,6,6,2,0.237,0.052,0.315,0.136,0.32,0.28,0.374,0.284,74,-0.6,-7.5,0,PIT,SS,71,0.333333333,0.358585859
74,2023,Noelvi Marte,CIN,35,114,123,36,26,7,0,3,15,15,8,0,25,1,0,0,1,6,2,0.316,0.065,0.203,0.14,0.384,0.366,0.456,0.357,120,0.9,3.9,0.7,CIN,SS,71,0.577235772,0.622807018
75,2023,Rodolfo Castro,2 Tms,92,227,256,48,35,7,0,6,21,24,23,1,74,5,1,0,4,1,4,0.211,0.09,0.289,0.11,0.284,0.297,0.322,0.277,69,-3.8,-13.5,-0.9,PIT,SS,69,0.26953125,0.303964758
76,2023,Dylan Moore,SEA,67,145,165,30,13,9,1,7,18,19,16,0,56,4,0,0,1,7,3,0.207,0.097,0.339,0.221,0.28,0.303,0.428,0.317,105,0.6,1.6,0.7,SEA,SS,66,0.4,0.455172414
77,2023,Nick Ahmed,ARI,72,198,210,42,29,10,1,2,14,17,12,0,52,0,0,0,0,5,1,0.212,0.057,0.248,0.091,0.278,0.257,0.303,0.247,51,-0.3,-13.1,0,ARI,SS,56,0.266666667,0.282828283
78,2023,Jose Barrero,CIN,46,133,149,29,19,8,0,2,15,17,15,0,44,0,1,0,1,3,2,0.218,0.101,0.295,0.105,0.307,0.295,0.323,0.276,65,0.5,-5.9,-0.3,CIN,SS,49,0.32885906,0.368421053
79,2023,David Fletcher,LAA,33,89,97,22,19,1,0,2,7,12,7,1,9,0,0,1,2,0,0,0.247,0.072,0.093,0.079,0.256,0.302,0.326,0.276,70,0.4,-3.1,0,LAA,SS,47,0.484536082,0.528089888
80,2023,Zach Remillard,CHW,54,147,160,37,29,7,0,1,16,18,8,1,48,1,0,4,3,4,3,0.252,0.05,0.3,0.068,0.367,0.295,0.32,0.27,67,1.9,-4.3,0.2,CHW,SS,46,0.2875,0.31292517
81,2023,Oswald Peraza,NYY,52,173,191,33,23,8,0,2,15,14,13,0,50,5,0,0,1,4,3,0.191,0.068,0.262,0.081,0.256,0.267,0.272,0.246,53,-0.3,-10.9,-0.3,NYY,SS,43,0.22513089,0.248554913
82,2023,Ernie Clement,TOR,30,50,52,19,16,1,1,1,7,10,1,0,4,0,1,0,0,1,0,0.38,0.019,0.077,0.12,0.391,0.385,0.5,0.378,144,0.8,3.5,0.6,TOR,SS,40,0.769230769,0.8
83,2023,Trevor Story,BOS,43,158,168,32,20,9,0,3,12,14,9,0,55,1,0,0,2,10,3,0.203,0.054,0.327,0.114,0.29,0.25,0.316,0.249,48,0.5,-10.1,0.2,BOS,SS,40,0.238095238,0.253164557
84,2023,Yu Chang,BOS,39,105,112,17,9,2,0,6,12,18,3,0,34,2,0,2,2,4,0,0.162,0.027,0.304,0.19,0.169,0.2,0.352,0.236,39,1.6,-6.6,0.2,BOS,SS,40,0.357142857,0.380952381
85,2023,Luis Guillorme,NYM,54,107,120,24,16,6,1,1,12,9,10,1,28,0,1,2,4,0,0,0.224,0.083,0.233,0.103,0.291,0.288,0.327,0.269,70,0.2,-4.3,-0.3,NYM,SS,39,0.325,0.364485981
86,2023,Masyn Winn,STL,37,122,137,21,17,2,0,2,8,12,10,0,26,0,3,2,1,2,1,0.172,0.073,0.19,0.066,0.196,0.23,0.238,0.211,29,0.6,-11.5,-0.8,STL,SS,35,0.255474453,0.286885246
87,2023,Nick Gonzales,PIT,35,115,128,24,13,8,1,2,12,13,6,0,36,4,2,1,0,0,1,0.209,0.047,0.281,0.139,0.278,0.268,0.348,0.268,64,-0.4,-6.2,-0.1,PIT,SS,35,0.2734375,0.304347826
88,2023,Osleivis Basabe,TBR,31,87,94,19,13,5,0,1,15,12,6,0,25,1,0,0,2,0,1,0.218,0.064,0.266,0.092,0.295,0.277,0.31,0.262,67,0.4,-3.3,-0.2,TBR,SS,35,0.372340426,0.402298851
89,2023,Andrew Velazquez,LAA,54,81,94,14,9,3,0,2,12,3,10,0,30,0,0,3,1,13,3,0.173,0.106,0.319,0.111,0.245,0.264,0.284,0.249,52,2,-3.5,-0.1,LAA,SS,31,0.329787234,0.382716049
90,2023,Ceddanne Rafaela,BOS,28,83,89,20,12,6,0,2,11,5,4,0,28,1,1,0,2,3,1,0.241,0.045,0.315,0.145,0.333,0.281,0.386,0.287,74,0,-2.7,0.1,BOS,SS,27,0.303370787,0.325301205
91,2023,Vaughn Grissom,ATL,23,75,80,21,17,3,1,0,5,9,2,0,15,2,1,0,2,0,1,0.28,0.025,0.188,0.067,0.344,0.313,0.347,0.289,78,-1.4,-3.6,-0.7,ATL,SS,27,0.3375,0.36
92,2023,Kevin Smith,OAK,49,135,146,25,16,4,0,5,15,11,5,0,51,1,0,5,3,1,0,0.185,0.034,0.349,0.141,0.253,0.22,0.326,0.236,49,0.2,-8.6,-0.5,OAK,SS,25,0.171232877,0.185185185
93,2023,Oneil Cruz,PIT,9,32,40,8,6,1,0,1,7,4,7,0,8,0,1,0,0,3,0,0.25,0.175,0.2,0.125,0.292,0.375,0.375,0.335,109,1.2,1.6,0.3,PIT,SS,25,0.625,0.78125
94,2023,Vidal Bruján,TBR,37,76,84,13,11,2,0,0,14,6,5,0,21,2,0,1,1,3,2,0.171,0.06,0.25,0.026,0.236,0.241,0.197,0.206,29,0.7,-6.5,-0.6,TBR,SS,22,0.261904762,0.289473684
95,2023,Tyler Wade,OAK,26,51,55,13,11,1,1,0,8,2,4,0,13,0,0,0,0,4,0,0.255,0.073,0.236,0.059,0.342,0.309,0.314,0.278,79,0.6,-0.8,0.1,OAK,SS,21,0.381818182,0.411764706
96,2023,Brayan Rocchio,CLE,23,81,86,20,14,6,0,0,9,8,4,0,27,0,1,0,4,0,0,0.247,0.047,0.314,0.074,0.364,0.279,0.321,0.263,65,-2.2,-5.8,-0.6,CLE,SS,20,0.23255814,0.24691358
97,2023,Junior Caminero,TBR,7,34,36,8,6,1,0,1,4,7,2,0,8,0,0,0,2,0,0,0.235,0.056,0.222,0.118,0.28,0.278,0.353,0.276,77,-0.2,-1.2,0.1,TBR,SS,17,0.472222222,0.5
98,2023,Jonathan Araúz,NYM,27,59,66,8,5,0,0,3,3,9,5,0,18,0,0,2,1,0,0,0.136,0.076,0.273,0.153,0.132,0.203,0.288,0.217,35,0.2,-5.1,-0.3,NYM,SS,16,0.242424242,0.271186441
99,2023,Alika Williams,PIT,46,101,112,20,15,5,0,0,7,6,9,0,35,1,0,1,2,0,0,0.198,0.08,0.313,0.05,0.303,0.27,0.248,0.238,43,-0.3,-8.1,-0.3,PIT,SS,12,0.107142857,0.118811881
100,2023,Grae Kessinger,HOU,26,40,45,8,5,2,0,1,3,1,5,0,12,0,0,0,0,0,1,0.2,0.111,0.267,0.125,0.259,0.289,0.325,0.275,73,-0.6,-2.1,0.2,HOU,SS,10,0.222222222,0.25
101,2023,Joey Ortiz,BAL,15,33,34,7,6,1,0,0,4,4,0,0,9,0,1,0,2,0,0,0.212,0,0.265,0.03,0.28,0.206,0.242,0.192,17,0.3,-3.1,0,BAL,SS,7,0.205882353,0.212121212
102,2023,David Hamilton,BOS,15,33,39,4,2,2,0,0,2,0,6,0,10,0,0,0,1,2,1,0.121,0.154,0.256,0.061,0.174,0.256,0.182,0.216,25,0,-3.5,-0.3,BOS,SS,6,0.153846154,0.181818182
103,2023,Marco Luciano,SFG,14,39,45,9,6,3,0,0,4,0,6,0,17,0,0,0,0,1,0,0.231,0.133,0.378,0.077,0.409,0.333,0.308,0.293,86,0.3,-0.5,0.2,SFG,SS,6,0.133333333,0.153846154
104,2023,Livan Soto,LAA,4,9,12,2,2,0,0,0,2,0,3,0,2,0,0,0,0,0,0,0.222,0.25,0.167,0,0.286,0.417,0.222,0.321,102,0.1,0.1,0,LAA,SS,5,0.416666667,0.555555556
105,2023,José Tena,CLE,18,31,34,7,5,2,0,0,2,3,3,0,13,0,0,0,0,0,0,0.226,0.088,0.382,0.065,0.389,0.294,0.29,0.264,66,-0.6,-1.9,-0.2,CLE,SS,4,0.117647059,0.129032258
106,2023,Johan Camargo,SFG,8,18,20,4,4,0,0,0,0,2,1,0,4,1,0,0,2,0,0,0.222,0.05,0.2,0,0.286,0.3,0.222,0.248,55,-0.5,-1.7,-0.2,SFG,SS,3,0.15,0.166666667
107,2023,Kyren Paris,LAA,15,40,46,4,4,0,0,0,4,1,4,0,17,1,0,1,0,3,0,0.1,0.087,0.37,0,0.174,0.2,0.1,0.156,-12,0.9,-5.3,-0.3,LAA,SS,-1,-0.02173913,-0.025
108,2023,Luke Williams,2 Tms,11,19,19,1,1,0,0,0,1,0,0,0,7,0,0,0,0,4,0,0.053,0,0.368,0,0.083,0.053,0.053,0.046,-75,0.1,-4.2,-0.5,LAD,SS,-1,-0.052631579,-0.052631579
109,2023,Jordan Lawlar,ARI,14,31,34,4,4,0,0,0,2,0,2,0,11,1,0,0,0,1,1,0.129,0.059,0.324,0,0.2,0.206,0.129,0.166,-4,0,-4.3,-0.2,ARI,SS,-2,-0.058823529,-0.064516129
110,2023,Ehire Adrianza,ATL,5,10,11,0,0,0,0,0,0,0,1,0,4,0,0,0,0,0,0,0,0.091,0.364,0,0,0.091,0,0.063,-74,0,-2.4,-0.2,ATL,SS,-3,-0.272727273,-0.3
111,2023,Ryan Kreidler,DET,11,18,18,2,2,0,0,0,2,0,0,0,7,0,0,0,0,0,0,0.111,0,0.389,0,0.182,0.111,0.111,0.098,-51,0.5,-2.8,-0.1,DET,SS,-3,-0.166666667,-0.166666667
112,2023,Taylor Motter,STL,29,76,82,13,10,3,0,0,3,2,5,0,31,1,0,0,0,0,0,0.171,0.061,0.378,0.039,0.289,0.232,0.211,0.204,25,0.4,-7.3,-0.3,STL,SS,-5,-0.06097561,-0.065789474
113,2023,Chris Owings,PIT,11,25,25,4,4,0,0,0,0,0,0,0,12,0,0,0,1,0,0,0.16,0,0.48,0,0.308,0.16,0.16,0.141,-22,0,-3.8,-0.3,PIT,SS,-8,-0.32,-0.32
