Name,Team,W,L,ERA,G,GS,CG,ShO,SV,HLD,BS,IP,TBF,H,R,ER,HR,BB,IBB,HBP,WP,BK,SO,score,perIP,perGame,no wl
Spencer Strider,ATL,20,5,3.86,32,32,0,0,0,0,0,186.2,763,146,85,80,22,58,1,9,6,2,281,679.6,3.649838883,21.2375,604.6
Gerrit Cole,NYY,15,4,2.63,33,33,2,2,0,0,0,209,821,157,64,61,20,48,0,7,4,1,222,678,3.244019139,20.54545455,623
Tyler Glasnow,TBR,10,7,3.53,21,21,0,0,0,0,0,120,485,93,52,47,13,37,0,1,11,0,162,430,3.583333333,20.47619048,415
Kevin Gausman,TOR,12,9,3.16,31,31,0,0,0,0,0,185,763,163,72,65,19,55,0,3,3,2,237,614,3.318918919,19.80645161,599
Logan Webb,SFG,11,13,3.25,33,33,2,1,0,0,0,216,850,201,83,78,20,31,0,5,1,0,194,652,3.018518519,19.75757576,662
Blake Snell,SDP,14,9,2.25,32,32,0,0,0,0,0,180,742,115,47,45,15,99,0,3,13,2,234,630,3.5,19.6875,605
Tarik Skubal,DET,7,3,2.8,15,15,0,0,0,0,0,80.1,310,58,28,25,4,14,0,3,1,0,102,295.3,3.686641698,19.68666667,275.3
Framber Valdez,HOU,12,11,3.45,31,31,2,2,0,0,0,198,808,166,86,76,19,57,0,10,6,0,200,610,3.080808081,19.67741935,605
Shohei Ohtani,LAA,10,5,3.14,23,23,1,1,0,0,0,132,531,85,50,46,18,55,0,11,12,0,167,452,3.424242424,19.65217391,427
Zac Gallen,ARI,17,9,3.47,34,34,1,1,0,0,0,210,846,188,87,81,22,47,0,5,8,1,220,664,3.161904762,19.52941176,624
Luis Castillo,SEA,14,9,3.34,33,33,0,0,0,0,0,197,802,160,81,73,28,56,0,5,3,0,219,636,3.228426396,19.27272727,611
Joe Boyle,OAK,2,0,1.69,3,3,0,0,0,0,0,16,60,8,4,3,1,5,0,0,0,0,15,57,3.5625,19,47
Pablo López,MIN,11,8,3.66,32,32,1,1,0,0,0,194,801,176,81,79,24,48,1,9,7,0,234,607,3.128865979,18.96875,592
George Kirby,SEA,13,10,3.35,31,31,1,0,0,0,0,190.2,757,179,74,71,22,19,1,6,1,0,172,587.6,3.0893796,18.95483871,572.6
Zach Eflin,TBR,16,8,3.5,31,31,0,0,0,0,0,177.2,703,158,69,69,19,24,1,3,0,0,186,585.6,3.304740406,18.89032258,545.6
Jacob deGrom,TEX,2,0,2.67,6,6,0,0,0,0,0,30.1,115,19,11,9,2,4,0,0,1,0,45,113.3,3.764119601,18.88333333,103.3
Zack Wheeler,PHI,13,6,3.61,32,32,0,0,0,0,0,192,787,168,82,77,20,39,0,9,1,0,212,599,3.119791667,18.71875,564
Drew Rasmussen,TBR,4,2,2.62,8,8,0,0,0,0,0,44.2,177,36,13,13,2,11,0,1,2,0,47,149.6,3.384615385,18.7,139.6
Freddy Peralta,MIL,12,10,3.86,30,30,0,0,0,0,0,165.2,680,131,77,71,26,54,0,6,6,1,210,559.6,3.387409201,18.65333333,549.6
Kodai Senga,NYM,12,7,2.98,29,29,0,0,0,0,0,166.1,694,126,60,55,17,77,0,5,14,1,202,537.3,3.234798314,18.52758621,512.3
Clayton Kershaw,LAD,13,5,2.46,24,24,0,0,0,0,0,131.2,523,100,39,36,19,40,0,3,6,2,137,444.6,3.388719512,18.525,404.6
Corbin Burnes,MIL,10,8,3.39,32,32,0,0,0,0,0,193.2,784,141,77,73,22,66,0,8,10,1,200,589.6,3.051759834,18.425,579.6
Eduardo Rodriguez,DET,13,9,3.3,26,26,0,0,0,0,0,152.2,621,128,59,56,15,48,0,3,3,0,143,477.6,3.137976347,18.36923077,457.6
Justin Verlander,2 Tms,13,8,3.22,27,27,0,0,0,0,0,162.1,669,139,63,58,18,45,0,5,5,0,144,493.3,3.04318322,18.27037037,468.3
Max Scherzer,2 Tms,13,6,3.77,27,27,0,0,0,0,0,152.2,621,126,65,64,28,45,0,4,2,0,174,490.6,3.223390276,18.17037037,455.6
Joe Musgrove,SDP,10,3,3.05,17,17,0,0,0,0,0,97.1,399,90,35,33,10,21,1,9,2,1,97,308.3,3.17507724,18.13529412,273.3
Merrill Kelly,ARI,12,8,3.29,30,30,0,0,0,0,0,177.2,722,143,71,65,20,69,0,4,3,4,187,541.6,3.056433409,18.05333333,521.6
Logan Gilbert,SEA,13,7,3.73,32,32,1,1,0,0,0,190.2,770,169,82,79,29,36,1,2,6,0,189,574.6,3.021030494,17.95625,544.6
Kyle Bradish,BAL,12,7,2.83,30,30,0,0,0,0,0,168.2,671,132,54,53,14,44,0,8,9,0,168,538.6,3.202140309,17.95333333,513.6
Justin Steele,CHC,16,5,3.06,30,30,0,0,0,0,0,173.1,716,167,71,59,14,36,0,7,9,1,176,538.3,3.109763143,17.94333333,483.3
Chris Bassitt,TOR,16,8,3.6,33,33,1,1,0,0,0,200,826,176,88,80,28,59,2,12,4,3,186,589,2.945,17.84848485,549
Mitch Keller,PIT,13,9,4.21,32,32,1,1,0,0,0,194.1,825,187,97,91,25,55,0,12,5,1,210,569.3,2.933024214,17.790625,549.3
Joe Ryan,MIN,11,10,4.51,29,29,1,1,0,0,0,161.2,672,155,83,81,32,34,0,6,3,0,197,515.6,3.198511166,17.77931034,510.6
Aaron Nola,PHI,12,9,4.46,32,32,0,0,0,0,0,193.2,793,178,105,96,32,45,0,1,2,0,202,567.6,2.937888199,17.7375,552.6
John Means,BAL,1,2,2.66,4,4,0,0,0,0,0,23.2,88,13,7,7,4,4,0,1,0,0,10,70.6,3.043103448,17.65,75.6
Max Fried,ATL,8,1,2.55,14,14,1,1,0,0,0,77.2,311,70,24,22,7,18,0,2,3,0,80,246.6,3.194300518,17.61428571,211.6
José Berríos,TOR,11,12,3.65,32,32,0,0,0,0,0,189.2,782,173,82,77,25,52,3,9,4,1,184,561.6,2.968287526,17.55,566.6
Julio Urías,LAD,11,8,4.6,21,21,0,0,0,0,0,117.1,482,112,61,60,24,24,0,6,2,1,117,367.3,3.136635354,17.49047619,352.3
Sandy Alcantara,MIA,7,12,4.14,28,28,3,1,0,0,0,184.2,762,176,91,85,22,48,0,5,4,1,151,489.6,2.657980456,17.48571429,514.6
Jesús Luzardo,MIA,10,10,3.58,32,32,0,0,0,0,0,178.2,741,162,79,71,22,55,1,6,7,1,208,553.6,3.106621773,17.3,553.6
Michael Wacha,SDP,14,4,3.22,24,24,0,0,0,0,0,134.1,553,113,49,48,15,43,0,3,3,1,124,412.3,3.074571216,17.17916667,362.3
Bobby Miller,LAD,11,4,3.76,22,22,0,0,0,0,0,124.1,505,105,53,52,12,32,0,6,10,0,119,377.3,3.040290089,17.15,342.3
Ryan Pepiot,LAD,2,1,2.14,8,3,0,0,0,0,0,42,159,27,10,10,7,5,0,3,0,0,38,137,3.261904762,17.125,132
Sonny Gray,MIN,8,8,2.79,32,32,0,0,0,0,0,184,754,156,59,57,8,55,0,6,6,1,183,547,2.972826087,17.09375,547
Nathan Eovaldi,TEX,12,5,3.63,25,25,2,1,0,0,0,144,577,117,59,58,15,47,0,6,2,0,132,427,2.965277778,17.08,392
Jordan Montgomery,2 Tms,10,11,3.2,32,32,0,0,0,0,0,188.2,777,177,75,67,18,48,0,4,6,0,166,543.6,2.888416578,16.9875,548.6
Tanner Bibee,CLE,10,4,2.98,25,25,0,0,0,0,0,142,585,122,49,47,13,45,0,5,7,2,141,423,2.978873239,16.92,393
Bailey Ober,MIN,8,6,3.43,26,26,0,0,0,0,0,144.1,577,125,58,55,22,29,0,7,1,0,146,439.3,3.048577377,16.89615385,429.3
Shane McClanahan,TBR,11,2,3.29,21,21,0,0,0,0,0,115,469,95,42,42,15,41,0,0,1,0,121,353,3.069565217,16.80952381,308
Charlie Morton,ATL,14,12,3.64,30,30,0,0,0,0,0,163.1,716,150,70,66,14,83,2,12,4,2,183,501.3,3.073574494,16.71,491.3
Tyler Mahle,MIN,1,2,3.16,5,5,0,0,0,0,0,25.2,102,22,11,9,5,5,0,0,0,0,28,82.6,3.277777778,16.52,87.6
Yu Darvish,SDP,8,10,4.56,24,24,0,0,0,0,0,136.1,574,134,71,69,18,43,0,8,1,1,141,393.3,2.889786921,16.3875,403.3
Domingo Germán,NYY,5,7,4.56,20,19,1,1,0,0,0,108.2,444,83,61,55,20,34,0,6,2,0,114,326.6,3.018484288,16.33,336.6
Shane Bieber,CLE,6,6,3.8,21,21,1,0,0,0,0,128,533,124,56,54,14,34,0,3,8,1,107,339,2.6484375,16.14285714,339
Seth Lugo,SDP,8,7,3.57,26,26,0,0,0,0,0,146.1,604,140,62,58,19,36,0,3,3,0,140,419.3,2.869952088,16.12692308,414.3
Chris Sale,BOS,6,5,4.3,20,20,0,0,0,0,0,102.2,425,87,52,49,15,29,0,8,3,0,125,321.6,3.146771037,16.08,316.6
Dustin May,LAD,4,1,2.63,9,9,0,0,0,0,0,48,187,29,14,14,1,16,0,2,1,0,34,144,3,16,129
Germán Márquez,COL,2,2,4.95,4,4,0,0,0,0,0,20,80,19,11,11,4,3,0,0,0,1,17,64,3.2,16,64
Lucas Giolito,3 Tms,8,15,4.88,33,33,0,0,0,0,0,184.1,794,169,110,100,41,73,2,9,5,0,204,527.3,2.864204237,15.97878788,562.3
Eury Pérez,MIA,5,6,3.15,19,19,0,0,0,0,0,91.1,374,72,35,32,15,31,0,2,6,1,108,301.3,3.307354555,15.85789474,306.3
Sawyer Gipson-Long,DET,1,0,2.7,4,4,0,0,0,0,0,20,82,14,7,6,2,8,0,0,0,0,26,63,3.15,15.75,58
Mike Clevinger,CHW,9,9,3.77,24,24,2,0,0,0,0,131.1,549,121,56,55,16,40,0,9,6,0,110,377.3,2.877955759,15.72083333,377.3
Griffin Canning,LAA,7,8,4.32,24,22,0,0,0,0,0,127,536,121,62,61,22,36,1,5,4,0,139,376,2.960629921,15.66666667,381
Kenta Maeda,MIN,6,8,4.23,21,20,0,0,0,0,0,104.1,428,94,50,49,17,28,0,3,2,0,117,328.3,3.153698367,15.63333333,338.3
Andrew Abbott,CIN,8,6,3.87,21,21,0,0,0,0,0,109.1,459,100,47,47,16,44,0,1,1,1,120,326.3,2.990834097,15.53809524,316.3
Jose Quintana,NYM,3,6,3.57,13,13,0,0,0,0,0,75.2,319,75,33,30,5,24,0,1,2,0,60,201.6,2.680851064,15.50769231,216.6
Brayan Bello,BOS,12,11,4.24,28,28,0,0,0,0,0,157,668,165,77,74,24,45,0,6,1,0,132,434,2.76433121,15.5,429
Vince Velasquez,PIT,4,4,3.86,8,8,0,0,0,0,0,37.1,162,35,16,16,4,14,0,1,2,0,37,123.3,3.323450135,15.4125,123.3
Aaron Civale,2 Tms,7,5,3.46,23,23,0,0,0,0,0,122.1,504,109,47,47,12,33,0,5,5,0,116,353.3,2.893529894,15.36086957,343.3
Kris Bubic,KCR,0,2,3.94,3,3,0,0,0,0,0,16,68,19,7,7,1,2,0,1,1,0,16,46,2.875,15.33333333,56
Cristopher Sánchez,PHI,3,5,3.44,19,18,0,0,0,0,0,99.1,396,88,44,38,16,16,0,3,3,0,96,291.3,2.939455096,15.33157895,301.3
Lance Lynn,2 Tms,13,11,5.73,32,32,0,0,0,0,0,183.2,808,189,127,117,44,67,1,9,3,0,191,486.6,2.656113537,15.20625,476.6
Kyle Gibson,BAL,15,9,4.73,33,33,0,0,0,0,0,192,807,198,101,101,23,55,0,6,8,0,157,499,2.598958333,15.12121212,469
Yusei Kikuchi,TOR,11,6,3.86,32,32,0,0,0,0,0,167.2,700,165,78,72,27,48,0,4,7,0,181,482.6,2.886363636,15.08125,457.6
Tyler Wells,BAL,7,6,3.64,25,20,0,0,1,0,0,118.2,470,83,50,48,25,34,0,4,3,2,117,376.6,3.186125212,15.064,371.6
Braxton Garrett,MIA,9,7,3.66,31,30,0,0,0,0,0,159.2,659,154,68,65,20,29,0,11,4,0,156,465.6,2.924623116,15.01935484,455.6
Bryce Miller,SEA,8,7,4.32,25,25,0,0,0,0,0,131.1,537,124,64,63,18,26,0,7,2,0,119,374.3,2.855072464,14.972,369.3
Hunter Brown,HOU,11,13,5.09,31,29,0,0,0,0,0,155.2,665,157,94,88,26,55,0,9,4,0,178,463.6,2.987113402,14.95483871,473.6
Johan Oviedo,PIT,9,14,4.31,32,32,1,1,0,0,0,177.2,781,161,91,85,19,83,1,13,7,3,158,474.6,2.678329571,14.83125,499.6
Reese Olson,DET,5,7,3.99,21,18,0,0,0,1,0,103.2,422,83,49,46,14,33,0,1,4,1,103,310.6,3.009689922,14.79047619,320.6
Nestor Cortes,NYY,5,2,4.97,12,12,0,0,0,0,0,63.1,266,59,36,35,11,20,0,3,0,0,67,177.3,2.809825674,14.775,162.3
Hunter Greene,CIN,4,7,4.82,22,22,0,0,0,0,0,112,498,111,65,60,19,48,0,8,5,0,152,324,2.892857143,14.72727273,339
Daniel Lynch IV,KCR,3,4,4.64,9,9,0,0,0,0,0,52.1,223,50,29,27,9,16,0,1,1,1,34,132.3,2.539347409,14.7,137.3
Kyle Hendricks,CHC,6,8,3.74,24,24,0,0,0,0,0,137,578,138,68,57,13,27,0,4,0,0,93,352,2.569343066,14.66666667,362
J.P. France,HOU,11,6,3.83,24,23,0,0,0,0,0,136.1,581,138,64,58,19,47,0,2,6,0,101,351.3,2.581190301,14.6375,326.3
Dylan Cease,CHW,7,9,4.58,33,33,0,0,0,0,0,177,784,172,98,90,19,79,3,9,14,0,214,481,2.717514124,14.57575758,491
Gavin Williams,CLE,3,5,3.29,16,16,0,0,0,0,0,82,345,66,32,30,8,37,1,4,3,0,81,233,2.841463415,14.5625,243
Jon Gray,TEX,9,8,4.12,29,29,1,0,0,0,0,157.1,656,149,75,72,22,54,1,9,4,0,142,422.3,2.688096754,14.56206897,417.3
JP Sears,OAK,5,14,4.54,32,32,0,0,0,0,0,172.1,735,165,90,87,34,53,2,16,2,0,161,465.3,2.703660662,14.540625,510.3
Trevor Rogers,MIA,1,2,4,4,4,0,0,0,0,0,18,79,16,9,8,2,6,0,3,0,0,19,58,3.222222222,14.5,63
Reid Detmers,LAA,4,10,4.48,28,28,0,0,0,0,0,148.2,644,141,81,74,19,60,2,13,7,0,168,405.6,2.736842105,14.48571429,435.6
James Paxton,BOS,7,5,4.5,19,19,0,0,0,0,0,96,411,93,51,48,18,33,0,2,5,0,101,275,2.864583333,14.47368421,265
Taijuan Walker,PHI,15,6,4.38,31,31,0,0,0,0,0,172.2,733,155,87,84,20,71,1,8,3,1,138,448.6,2.605110337,14.47096774,403.6
Marcus Stroman,CHC,10,9,3.95,27,25,1,1,0,0,1,136.2,575,120,68,60,9,52,0,3,3,0,119,390.6,2.86784141,14.46666667,385.6
Matt Manning,DET,5,4,3.58,15,15,0,0,0,0,0,78,316,60,37,31,11,21,0,5,0,0,50,217,2.782051282,14.46666667,212
Dean Kremer,BAL,13,5,4.12,32,32,0,0,0,0,0,172.2,735,171,85,79,27,55,0,5,5,0,157,458.6,2.663182346,14.33125,418.6
MacKenzie Gore,WSN,7,10,4.42,27,27,0,0,0,0,0,136.1,582,134,71,67,27,57,0,1,6,0,151,386.3,2.838354151,14.30740741,401.3
Grayson Rodriguez,BAL,7,4,4.35,23,23,0,0,0,0,0,122,515,121,62,59,16,42,0,2,4,0,129,328,2.68852459,14.26086957,313
Logan Allen,CLE,7,8,3.81,24,24,0,0,0,0,0,125.1,537,127,55,53,16,48,0,1,1,0,119,341.3,2.728217426,14.22083333,346.3
Luis Garcia,HOU,2,2,4,6,6,0,0,0,0,0,27,115,25,12,12,3,10,0,1,0,1,31,85,3.148148148,14.16666667,85
Wade Miley,MIL,9,4,3.14,23,23,0,0,0,0,0,120.1,490,99,44,42,16,38,0,3,2,0,79,325.3,2.708576187,14.14347826,300.3
Michael Lorenzen,2 Tms,9,9,4.18,29,25,1,1,1,0,0,153,624,138,76,71,20,47,0,2,4,1,111,409,2.673202614,14.10344828,409
Josiah Gray,WSN,8,13,3.91,30,30,0,0,0,0,0,159,698,152,72,69,22,80,1,9,9,0,143,423,2.660377358,14.1,448
Ranger Suárez,PHI,4,6,4.18,22,22,0,0,0,0,0,125,540,129,59,58,13,48,0,2,4,0,119,309,2.472,14.04545455,319
Bryce Elder,ATL,12,4,3.81,31,31,0,0,0,0,0,174.2,732,160,79,74,19,63,0,8,11,1,128,433.6,2.489092997,13.98709677,393.6
Bryan Woo,SEA,4,5,4.21,18,18,0,0,0,0,0,87.2,371,75,44,41,13,31,1,7,1,0,93,251.6,2.885321101,13.97777778,256.6
Cristian Javier,HOU,10,5,4.56,31,31,0,0,0,0,0,162,687,143,85,82,25,62,0,7,4,0,159,433,2.672839506,13.96774194,408
Tanner Houck,BOS,6,10,5.01,21,21,0,0,0,0,0,106,463,104,61,59,14,41,0,6,1,0,99,293,2.764150943,13.95238095,313
Jameson Taillon,CHC,8,10,4.84,30,29,0,0,1,0,0,154.1,655,156,96,83,27,41,0,5,2,0,140,417.3,2.70798183,13.91,427.3
Alex Cobb,SFG,7,7,3.87,28,28,2,1,0,0,0,151.1,646,163,69,65,19,37,0,6,7,5,131,389.3,2.576439444,13.90357143,389.3
Miles Mikolas,STL,9,13,4.78,35,35,0,0,0,0,0,201.1,860,226,110,107,26,39,0,8,4,0,137,478.3,2.378418697,13.66571429,498.3
Jordan Lyles,KCR,6,17,6.28,31,31,3,0,0,0,0,177.2,748,176,130,124,39,45,0,6,10,0,120,421.6,2.379232506,13.6,476.6
Tony Gonsolin,LAD,8,5,4.98,20,20,0,0,0,0,0,103,435,86,61,57,19,40,1,7,2,0,82,272,2.640776699,13.6,257
Anthony DeSclafani,SFG,4,8,4.88,19,18,0,0,0,0,0,99.2,419,105,59,54,15,20,0,4,3,0,79,257.6,2.596774194,13.55789474,277.6
Graham Ashcraft,CIN,7,9,4.76,26,26,0,0,0,0,0,145.2,624,148,78,77,23,52,0,10,3,1,111,349.6,2.407713499,13.44615385,359.6
Brandon Bielak,HOU,5,6,3.82,15,13,0,0,0,0,0,80,353,86,43,34,12,36,0,5,3,0,62,201,2.5125,13.4,206
Julio Teheran,MIL,3,5,4.4,14,11,0,0,0,0,0,71.2,288,68,36,35,13,13,0,4,1,2,50,187.6,2.634831461,13.4,197.6
Edward Cabrera,MIA,7,7,4.24,22,20,0,0,0,0,0,99.2,434,78,48,47,11,66,0,4,1,3,118,294.6,2.969758065,13.39090909,294.6
Allan Winans,ATL,1,2,5.29,6,6,0,0,0,0,0,32.1,141,37,19,19,5,8,1,2,0,0,34,80.3,2.501557632,13.38333333,85.3
Keaton Winn,SFG,1,3,4.68,9,5,0,0,1,0,0,42.1,172,36,22,22,6,8,0,5,1,0,35,120.3,2.857482185,13.36666667,130.3
Patrick Sandoval,LAA,7,13,4.11,28,28,0,0,0,0,0,144.2,652,145,89,66,12,74,2,4,5,0,128,373.6,2.590846047,13.34285714,403.6
Matthew Boyd,DET,5,5,5.45,15,15,0,0,0,0,0,71,303,69,46,43,11,25,0,2,2,0,73,199,2.802816901,13.26666667,199
Dane Dunning,TEX,12,7,3.7,35,26,0,0,0,2,0,172.2,722,163,73,71,20,55,0,10,6,0,140,462.6,2.68641115,13.21714286,437.6
Kyle Harrison,SFG,1,1,4.15,7,7,0,0,0,0,0,34.2,147,29,19,16,8,11,0,4,0,0,35,91.6,2.678362573,13.08571429,91.6
Patrick Corbin,WSN,10,15,5.2,32,32,0,0,0,0,0,180,790,210,113,104,33,57,0,4,6,0,124,418,2.322222222,13.0625,443
Emmet Sheehan,LAD,4,1,4.92,13,11,0,0,1,0,0,60.1,248,46,33,33,11,26,0,1,1,0,64,169.3,2.816971714,13.02307692,154.3
Brady Singer,KCR,8,11,5.52,29,29,0,0,0,0,0,159.2,702,182,102,98,20,49,0,8,3,0,133,376.6,2.365577889,12.9862069,391.6
Brandon Pfaadt,ARI,3,9,5.72,19,18,0,0,0,0,0,96,421,109,63,61,22,26,0,3,0,0,94,246,2.5625,12.94736842,276
Jordan Wicks,CHC,4,1,4.41,7,7,0,0,0,0,0,34.2,147,33,17,17,5,11,0,0,3,0,24,90.6,2.649122807,12.94285714,75.6
Matt Waldron,SDP,1,3,4.35,8,6,0,0,0,0,0,41.1,173,39,20,20,9,12,0,0,0,0,31,103.3,2.513381995,12.9125,113.3
Taj Bradley,TBR,5,8,5.59,23,21,0,0,0,0,0,104.2,460,106,69,65,23,39,0,1,6,0,129,296.6,2.846449136,12.89565217,311.6
José Buttó,NYM,1,4,3.64,9,7,0,0,0,0,0,42,179,33,17,17,3,23,0,0,0,0,38,116,2.761904762,12.88888889,131
Colin Rea,MIL,6,6,4.55,26,22,0,0,0,0,0,124.2,517,110,65,63,23,38,0,4,2,1,110,331.6,2.669887279,12.75384615,331.6
Nick Pivetta,BOS,10,9,4.04,38,16,0,0,1,2,1,142.2,587,110,69,64,23,50,1,6,5,1,183,484.6,3.407876231,12.75263158,479.6
Joey Lucchesi,NYM,4,0,2.89,9,9,0,0,0,0,0,46.2,195,44,17,15,4,17,0,2,1,1,32,114.6,2.480519481,12.73333333,94.6
Clarke Schmidt,NYY,9,9,4.64,33,32,0,0,0,0,0,159,694,169,91,82,24,46,0,11,11,2,149,419,2.635220126,12.6969697,419
Peyton Battenfield,CLE,0,5,5.19,7,6,0,0,0,0,0,34.2,146,34,22,20,7,12,0,0,1,0,27,88.6,2.590643275,12.65714286,113.6
Brandon Williamson,CIN,5,5,4.46,23,23,0,0,0,0,0,117,491,111,63,58,18,39,0,2,4,2,98,291,2.487179487,12.65217391,291
Kutter Crawford,BOS,6,8,4.04,31,23,0,0,0,2,0,129.1,527,107,59,58,17,36,0,5,4,0,135,391.3,3.030983734,12.62258065,401.3
Adrian Houser,MIL,8,5,4.12,23,21,0,0,0,0,0,111.1,481,121,56,51,13,34,0,1,2,0,96,288.3,2.594959496,12.53478261,273.3
Tommy Henry,ARI,5,4,4.15,17,16,0,0,0,0,0,89,381,86,42,41,12,35,2,4,1,0,64,212,2.382022472,12.47058824,207
Hyun Jin Ryu,TOR,3,3,3.46,11,11,0,0,0,0,0,52,224,53,25,20,9,14,0,1,1,0,38,137,2.634615385,12.45454545,137
Alex Faedo,DET,2,5,4.45,15,12,0,0,0,1,0,64.2,262,48,35,32,12,20,0,1,3,0,58,185.6,2.890965732,12.37333333,200.6
Jack Flaherty,2 Tms,8,9,4.99,29,27,0,0,0,1,0,144.1,650,162,83,80,17,66,2,12,8,0,148,355.3,2.465648855,12.25172414,360.3
Paul Blackburn,OAK,4,7,4.43,21,20,0,0,0,0,1,103.2,464,117,54,51,11,43,1,3,1,0,104,256.6,2.486434109,12.21904762,271.6
Tylor Megill,NYM,9,8,4.7,25,25,0,0,0,0,0,126.1,567,141,76,66,18,58,0,6,8,0,105,303.3,2.405233941,12.132,298.3
Davis Daniel,LAA,1,1,2.19,3,0,0,0,0,0,0,12.1,52,7,3,3,1,9,0,0,1,0,9,36.3,3,12.1,36.3
Carlos Rodón,NYY,3,8,6.85,14,14,0,0,0,0,0,64.1,286,65,51,49,15,28,0,4,9,0,64,169.3,2.641185647,12.09285714,194.3
Alec Marsh,KCR,3,9,5.69,17,8,0,0,0,0,0,74.1,342,77,50,47,16,39,0,9,1,0,85,204.3,2.75708502,12.01764706,234.3
Kenny Rosenberg,LAA,2,2,3.82,7,3,0,0,0,0,0,33,146,35,14,14,3,14,1,1,0,1,29,84,2.545454545,12,84
Eric Lauer,MIL,4,6,6.56,10,9,0,0,0,0,0,46.2,211,54,39,34,16,24,0,0,0,0,43,119.6,2.588744589,11.96,129.6
Kyle Freeland,COL,6,14,5.03,29,29,0,0,0,0,0,155.2,677,187,96,87,29,42,0,1,2,0,94,343.6,2.213917526,11.84827586,383.6
Ben Lively,CIN,4,7,5.38,19,12,0,0,0,0,0,88.2,383,96,53,53,20,25,0,3,1,0,79,224.6,2.546485261,11.82105263,239.6
Andrew Heaney,TEX,10,6,4.15,34,28,0,0,0,2,1,147.1,641,143,74,68,23,60,0,10,3,0,151,401.3,2.728076139,11.80294118,381.3
Jake Irvin,WSN,3,7,4.61,24,24,0,0,0,0,0,121,530,118,66,62,20,54,0,8,2,1,99,278,2.297520661,11.58333333,298
Zack Greinke,KCR,2,15,5.06,30,27,0,0,0,0,0,142.1,593,158,82,80,25,23,0,4,2,1,97,347.3,2.444053483,11.57666667,412.3
Luis Medina,OAK,3,10,5.42,23,17,0,0,0,0,0,109.2,495,109,73,66,14,57,2,8,11,2,106,264.6,2.423076923,11.50434783,299.6
Rich Hill,2 Tms,8,14,5.41,32,27,0,0,0,0,1,146.1,660,165,98,88,23,58,0,7,2,1,129,366.3,2.507186858,11.446875,396.3
Touki Toussaint,2 Tms,4,7,4.97,20,16,0,0,0,0,0,87,384,69,48,48,10,57,0,7,3,1,85,227,2.609195402,11.35,242
Tyler Anderson,LAA,6,6,5.43,27,25,0,0,0,0,0,141,629,146,90,85,20,64,1,7,6,2,119,306,2.170212766,11.33333333,306
Nick Lodolo,CIN,2,1,6.29,7,7,0,0,0,0,0,34.1,166,50,24,24,10,10,1,7,2,0,47,79.3,2.325513196,11.32857143,74.3
Steven Matz,STL,4,7,3.86,25,17,0,0,0,0,0,105,449,108,48,45,11,32,0,3,2,2,98,283,2.695238095,11.32,298
Louie Varland,MIN,4,3,4.63,17,10,0,0,0,2,0,68,283,66,35,35,16,17,0,1,2,0,71,192,2.823529412,11.29411765,187
Triston McKenzie,CLE,0,3,5.06,4,4,0,0,0,0,0,16,73,12,9,9,1,13,0,0,1,0,16,45,2.8125,11.25,60
Austin Gomber,COL,9,9,5.5,27,27,0,0,0,0,0,139,603,164,88,85,26,43,1,3,5,0,87,301,2.165467626,11.14814815,301
Carson Fulmer,LAA,1,1,2.7,3,1,0,0,0,0,0,10,39,6,3,3,1,4,0,1,1,1,6,33,3.3,11,33
Jhony Brito,NYY,9,7,4.28,25,13,0,0,1,0,0,90.1,372,82,47,43,14,28,0,4,0,1,72,274.3,3.044395117,10.972,264.3
Ryne Nelson,ARI,8,8,5.31,29,27,0,0,0,0,0,144,619,159,87,85,24,46,0,1,6,1,96,318,2.208333333,10.96551724,318
Cal Quantrill,CLE,4,7,5.24,19,19,0,0,0,0,0,99.2,444,111,59,58,11,35,0,7,6,0,58,206.6,2.08266129,10.87368421,221.6
Cole Ragans,2 Tms,7,5,3.47,29,12,0,0,0,3,0,96,392,70,40,37,7,41,1,2,6,0,113,312,3.25,10.75862069,302
Bailey Falter,2 Tms,2,9,5.36,18,14,0,0,0,0,0,80.2,347,94,55,48,17,20,0,0,0,0,60,193.6,2.413965087,10.75555556,228.6
Michael Kopech,CHW,5,12,5.43,30,27,0,0,0,0,0,129.1,591,115,80,78,29,91,0,11,9,0,134,322.3,2.49651433,10.74333333,357.3
Marco Gonzales,SEA,4,1,5.22,10,10,0,0,0,0,0,50,215,55,32,29,5,18,0,0,0,0,34,107,2.14,10.7,92
Michael Soroka,ATL,2,2,6.4,7,6,0,0,0,0,0,32.1,145,36,23,23,9,12,0,4,2,0,29,74.3,2.314641745,10.61428571,74.3
Ryan Yarbrough,2 Tms,8,7,4.52,25,9,0,0,2,1,1,89.2,377,96,45,45,13,14,0,8,1,0,67,264.6,2.966367713,10.584,259.6
David Peterson,NYM,3,8,5.03,27,21,1,0,0,1,0,111,492,124,64,62,16,50,0,6,6,0,128,280,2.522522523,10.37037037,305
Hogan Harris,OAK,3,6,7.14,14,6,0,0,0,0,0,63,284,67,51,50,10,28,0,3,1,0,56,145,2.301587302,10.35714286,160
Luis Severino,NYY,4,8,6.65,19,18,0,0,0,0,0,89.1,417,113,73,66,23,34,1,5,1,3,79,192.3,2.158249158,10.12105263,212.3
Trevor Williams,WSN,6,10,5.55,30,30,0,0,0,0,0,144.1,659,178,97,89,34,53,1,5,0,2,111,302.3,2.097848716,10.07666667,322.3
AJ Smith-Shawver,ATL,1,0,4.26,6,5,0,0,0,0,0,25.1,105,17,14,12,7,11,0,1,3,0,20,60.3,2.402390438,10.05,55.3
Alek Manoah,TOR,3,9,5.87,19,19,0,0,0,0,0,87.1,415,93,61,57,15,59,1,9,3,3,79,190.3,2.184845006,10.01578947,220.3
James Kaprielian,OAK,2,6,6.34,14,11,0,0,0,0,1,61,280,66,45,43,9,31,1,5,3,0,57,139,2.278688525,9.928571429,159
Connor Phillips,CIN,1,1,6.97,5,5,0,0,0,0,0,20.2,96,18,16,16,5,13,0,1,2,0,26,49.6,2.455445545,9.92,49.6
Pedro Avila,SDP,2,2,3.22,14,6,0,0,0,0,0,50.1,220,43,23,18,3,25,0,5,5,1,54,138.3,2.760479042,9.878571429,138.3
Jared Shuster,ATL,4,3,5.81,11,11,0,0,0,0,0,52.2,230,53,34,34,7,26,0,1,3,0,30,108.6,2.08045977,9.872727273,103.6
Chase Anderson,2 Tms,1,6,5.42,19,17,0,0,1,0,0,86.1,372,90,53,52,17,33,0,7,1,0,64,187.3,2.175377468,9.857894737,212.3
Mason Miller,OAK,0,3,3.78,10,6,0,0,0,1,0,33.1,139,24,15,14,2,16,0,3,3,0,38,98.3,2.96978852,9.83,113.3
Luis L. Ortiz,PIT,5,5,4.78,18,15,0,0,0,0,0,86.2,400,99,50,46,13,48,0,2,3,0,59,174.6,2.025522042,9.7,174.6
Darius Vines,ATL,1,0,3.98,5,2,0,0,0,0,0,20.1,84,15,10,9,3,7,0,1,0,0,14,48.3,2.402985075,9.66,43.3
Noah Syndergaard,2 Tms,2,6,6.5,18,18,0,0,0,0,0,88.2,391,104,65,64,22,19,0,10,0,0,56,173.6,1.968253968,9.644444444,193.6
Drew Smyly,CHC,11,11,5,41,23,0,0,0,1,2,142.1,626,147,89,79,26,56,0,6,9,1,141,395.3,2.781843772,9.641463415,395.3
Ryan Feltner,COL,2,4,5.82,10,10,0,0,0,0,0,43.1,201,45,29,28,2,28,0,2,0,2,38,96.3,2.234338747,9.63,106.3
Randy Vásquez,NYY,2,2,2.87,11,5,0,0,0,0,0,37.2,166,30,12,12,5,18,0,4,3,0,33,104.6,2.811827957,9.509090909,104.6
Joey Estes,OAK,0,1,7.2,2,2,0,0,0,0,0,10,47,12,9,8,4,2,1,3,1,0,7,19,1.9,9.5,24
Yonny Chirinos,2 Tms,5,5,5.4,20,9,0,0,0,1,0,85,367,91,53,51,15,27,0,5,3,0,53,189,2.223529412,9.45,189
Joey Wentz,DET,3,13,6.9,25,19,0,0,0,0,0,105.2,492,131,87,81,25,47,0,0,2,2,98,234.6,2.230038023,9.384,284.6
Sean Manaea,SFG,7,6,4.44,37,10,0,0,1,1,0,117.2,499,104,68,58,14,42,0,8,3,0,128,345.6,2.948805461,9.340540541,340.6
Garrett Whitlock,BOS,5,5,5.15,22,10,0,0,1,3,1,71.2,304,82,43,41,13,13,0,3,2,0,72,204.6,2.873595506,9.3,204.6
Spencer Turnbull,DET,1,4,7.26,7,7,0,0,0,0,0,31,145,37,26,25,5,15,0,3,2,0,24,65,2.096774194,9.285714286,80
José Ureña,2 Tms,0,7,6.45,10,10,0,0,0,0,0,44.2,203,50,37,32,13,22,0,1,2,0,29,92.6,2.095022624,9.26,127.6
Jackson Rutledge,WSN,1,1,6.75,4,4,0,0,0,0,0,20,88,24,15,15,4,6,0,2,1,0,12,37,1.85,9.25,37
Dakota Hudson,STL,6,3,4.98,18,12,0,0,0,1,0,81.1,354,88,46,45,9,34,0,6,5,0,45,166.3,2.050554871,9.238888889,151.3
Chase Silseth,LAA,4,1,3.96,16,8,0,0,0,1,1,52.1,221,41,26,23,9,26,0,2,5,1,56,147.3,2.827255278,9.20625,132.3
Johnny Cueto,MIA,1,4,6.02,13,10,0,0,0,0,0,52.1,218,51,36,35,17,15,0,3,0,0,39,119.3,2.289827255,9.176923077,134.3
Ken Waldichuk,OAK,4,9,5.36,35,22,0,0,1,0,0,141,639,149,93,84,24,71,1,9,7,1,132,320,2.269503546,9.142857143,345
Martín Pérez,TEX,10,4,4.45,35,20,0,0,0,2,0,141.2,608,150,74,70,21,49,1,4,2,3,93,316.6,2.242209632,9.045714286,286.6
Javier Assad,CHC,5,3,3.05,32,10,0,0,0,2,1,109.1,449,93,38,37,13,41,1,3,3,1,94,289.3,2.651695692,9.040625,279.3
Joan Adon,WSN,2,4,6.45,12,10,0,0,0,0,0,51.2,240,60,37,37,8,24,3,3,6,0,48,107.6,2.1015625,8.966666667,117.6
José Urquidy,HOU,3,3,5.29,16,10,0,0,1,0,0,63,275,65,37,37,11,25,0,2,0,1,45,142,2.253968254,8.875,142
Slade Cecconi,ARI,0,1,4.33,7,4,0,0,0,0,0,27,111,27,13,13,4,4,0,2,0,0,20,62,2.296296296,8.857142857,67
Quinn Priester,PIT,3,3,7.74,10,8,0,0,0,0,0,50,234,58,43,43,12,27,0,3,5,0,36,88,1.76,8.8,88
Michael Grove,LAD,2,3,6.13,18,12,0,0,0,1,0,69,302,83,47,47,12,19,0,3,3,0,73,156,2.260869565,8.666666667,161
Zack Littell,2 Tms,3,6,4.1,28,14,0,0,0,0,0,90,379,94,43,41,13,12,1,4,4,0,74,241,2.677777778,8.607142857,256
Ross Stripling,SFG,0,5,5.36,22,11,0,0,0,0,0,89,381,104,54,53,20,16,0,2,2,1,70,189,2.123595506,8.590909091,214
Andre Jackson,2 Tms,1,3,4.99,19,7,0,0,2,1,0,61.1,257,52,34,34,11,22,0,2,1,0,57,162.3,2.656301146,8.542105263,172.3
Carlos Carrasco,NYM,3,8,6.8,20,20,0,0,0,0,0,90,417,115,71,68,18,38,0,6,3,1,66,170,1.888888889,8.5,195
Zach Davies,ARI,2,5,7,18,18,0,0,0,0,0,82.1,377,98,67,64,10,39,0,2,0,0,72,152.3,1.855054811,8.461111111,167.3
Peter Lambert,COL,3,7,5.36,25,11,0,0,0,0,0,87.1,375,93,54,52,18,28,0,5,1,0,71,209.3,2.402985075,8.372,229.3
Brad Keller,KCR,3,4,4.57,11,9,0,0,0,0,0,45.1,211,42,26,23,3,45,0,3,7,0,31,91.3,2.024390244,8.3,96.3
Luke Weaver,3 Tms,3,6,6.4,29,25,0,0,0,0,0,123.2,563,155,90,88,29,40,0,4,3,0,109,240.6,1.952922078,8.296551724,255.6
Corey Kluber,BOS,3,6,7.04,15,9,0,0,1,0,0,55,257,69,47,43,17,21,0,4,1,0,42,124,2.254545455,8.266666667,139
Roansy Contreras,PIT,3,7,6.59,19,11,0,0,1,0,0,68.1,302,75,50,50,11,32,1,1,3,0,55,156.3,2.295154185,8.226315789,176.3
Zack Thompson,STL,5,7,4.48,25,9,0,0,0,1,1,66.1,287,69,35,33,8,25,0,2,3,0,72,203.3,3.075642965,8.132,213.3
Hunter Gaddis,CLE,2,1,4.5,11,7,0,0,0,0,0,42,182,41,21,21,6,14,0,4,1,0,24,89,2.119047619,8.090909091,84
Jacob Lopez,TBR,1,0,4.38,4,1,0,0,1,0,0,12.1,54,14,7,6,0,2,0,2,1,0,8,32.3,2.669421488,8.075,27.3
Mike Mayers,KCR,1,2,6.15,6,2,0,0,0,0,0,26.1,119,34,19,18,4,10,0,0,2,0,17,48.3,1.850574713,8.05,53.3
Ryan Weathers,2 Tms,1,8,6.55,15,12,0,0,0,1,0,57.2,257,68,44,42,12,29,0,1,1,0,43,120.6,2.108391608,8.04,155.6
Félix Bautista,BAL,8,2,1.48,56,0,0,0,33,1,6,61,237,30,14,10,4,26,0,2,7,0,110,442,7.245901639,7.892857143,412
Alex Wood,SFG,5,5,4.33,29,12,0,0,0,1,0,97.2,429,98,52,47,9,42,0,8,3,2,74,228.6,2.351851852,7.882758621,228.6
Cole Irvin,BAL,1,4,4.42,24,12,0,0,0,1,0,77.1,336,78,42,38,11,21,0,7,2,0,68,187.3,2.429312581,7.804166667,202.3
Osvaldo Bido,PIT,2,5,5.86,16,9,0,0,0,0,0,50.2,236,55,35,33,4,21,0,8,1,0,48,124.6,2.482071713,7.7875,139.6
Adam Wainwright,STL,5,11,7.4,21,21,0,0,0,0,0,101,484,151,89,83,20,41,0,1,1,0,55,163,1.613861386,7.761904762,193
Angel Zerpa,KCR,3,3,4.85,15,3,0,0,0,2,1,42.2,182,46,24,23,7,8,0,4,1,0,36,115.6,2.739336493,7.706666667,115.6
Michael King,NYY,4,8,2.75,49,9,0,0,6,8,4,104.2,431,88,35,32,10,32,1,5,2,1,127,376.6,3.614203455,7.685714286,396.6
Cody Bradford,TEX,4,3,5.3,20,8,0,0,0,0,0,56,234,56,33,33,11,12,0,1,0,0,51,153,2.732142857,7.65,148
Kyle Wright,ATL,1,3,6.97,9,7,0,0,0,0,0,31,155,40,26,24,5,17,0,4,2,0,34,66,2.129032258,7.333333333,76
Freddy Tarnok,OAK,1,1,4.91,5,1,0,0,0,0,0,14.2,65,11,8,8,4,11,0,0,2,0,14,36.6,2.577464789,7.32,36.6
Drey Jameson,ARI,3,1,3.32,15,3,0,0,1,1,0,40.2,174,40,15,15,6,18,0,1,0,0,37,109.6,2.726368159,7.306666667,99.6
Jesse Scholtens,CHW,1,9,5.29,26,11,0,0,1,1,0,85,377,100,54,50,15,30,1,2,1,0,58,187,2.2,7.192307692,227
Sean Newcomb,OAK,1,1,3,7,2,0,0,0,0,0,15,61,8,5,5,1,9,0,2,1,0,17,50,3.333333333,7.142857143,50
Devin Williams,MIL,8,3,1.53,61,0,0,0,36,0,4,58.2,231,26,13,10,4,28,1,1,1,0,87,431.6,7.41580756,7.075409836,406.6
Drew Rom,STL,1,4,8.02,8,8,0,0,0,0,0,33.2,170,51,34,30,7,19,0,0,1,0,32,56.6,1.704819277,7.075,71.6
Ronel Blanco,HOU,2,1,4.5,17,7,0,0,0,0,0,52,226,49,29,26,12,28,0,2,2,0,52,120,2.307692308,7.058823529,115
Josh Fleming,TBR,2,0,4.7,12,3,0,0,0,0,0,51.2,221,56,29,27,9,19,2,0,2,0,25,84.6,1.65234375,7.05,74.6
Ty Blach,COL,3,3,5.54,20,13,0,0,0,0,0,78,352,104,51,48,15,24,0,6,1,0,50,138,1.769230769,6.9,138
Hayden Wesneski,CHC,3,5,4.63,34,11,0,0,0,2,1,89.1,379,82,50,46,20,32,1,3,2,0,83,229.3,2.573512907,6.744117647,239.3
Tristan Beck,SFG,3,3,3.92,33,3,0,0,2,2,1,85,354,83,40,37,10,21,2,2,3,0,68,220,2.588235294,6.666666667,220
Emerson Hancock,SEA,0,0,4.5,3,3,0,0,0,0,0,12,49,13,6,6,1,3,0,0,0,0,6,20,1.666666667,6.666666667,20
Matthew Liberatore,STL,3,6,5.25,22,11,0,0,0,2,0,61.2,275,66,42,36,5,25,1,5,4,0,46,146.6,2.395424837,6.663636364,161.6
Jordan Romano,TOR,5,7,2.9,59,0,0,0,36,2,4,59,248,48,20,19,6,24,5,2,0,1,72,393,6.661016949,6.661016949,403
Ryan Helsley,STL,3,4,2.45,33,0,0,0,14,2,5,36.2,146,22,11,10,1,17,1,1,3,1,52,215.6,5.955801105,6.533333333,220.6
Carson Spiers,CIN,0,1,6.92,4,2,0,0,1,0,0,13,64,18,12,10,1,7,0,0,0,0,12,26,2,6.5,31
Dallas Keuchel,MIN,2,1,5.97,10,6,0,0,0,0,0,37.2,172,45,25,25,3,18,0,2,2,0,25,63.6,1.709677419,6.36,58.6
Camilo Doval,SFG,6,6,2.93,69,0,0,0,39,0,8,67.2,281,51,32,22,3,26,6,8,10,3,87,438.6,6.526785714,6.356521739,438.6
Zach Logue,DET,0,0,7.36,3,0,0,0,0,0,0,11,49,13,9,9,3,2,0,0,0,0,10,19,1.727272727,6.333333333,19
Kolby Allard,ATL,0,1,6.57,4,3,0,0,0,0,0,12.1,56,16,9,9,2,4,0,0,1,0,13,25.3,2.090909091,6.325,30.3
Cooper Criswell,TBR,1,1,5.73,10,0,0,0,0,0,0,33,151,40,23,21,6,11,1,4,2,0,27,63,1.909090909,6.3,63
David Bednar,PIT,3,3,2,66,0,0,0,39,0,3,67.1,277,53,22,15,3,21,4,3,2,0,80,413.3,6.159463487,6.262121212,413.3
Alexis Díaz,CIN,9,6,3.07,71,0,0,0,37,2,3,67.1,286,44,30,23,4,36,0,10,3,0,86,444.3,6.621460507,6.257746479,429.3
Chris Flexen,2 Tms,2,8,6.86,29,16,0,0,0,0,0,102.1,466,133,81,78,25,38,0,4,6,0,74,181.3,1.775710088,6.251724138,211.3
Raisel Iglesias,ATL,5,4,2.75,58,0,0,0,33,0,4,55.2,231,51,23,17,7,15,2,0,0,0,68,358.6,6.496376812,6.182758621,353.6
Jakob Junis,SFG,4,3,3.87,40,4,0,0,1,2,0,86,367,90,42,37,12,21,1,5,5,0,96,245,2.848837209,6.125,240
Noah Davis,COL,0,4,8.7,8,6,0,0,0,0,0,30,146,43,30,29,6,15,0,4,4,1,26,49,1.633333333,6.125,69
Pete Fairbanks,TBR,2,4,2.58,49,0,0,0,25,2,4,45.1,184,26,14,13,3,20,0,4,6,0,68,299.3,6.636363636,6.108163265,309.3
Josh Hader,SDP,2,3,1.28,61,0,0,0,33,0,5,56.1,231,32,11,8,3,30,2,3,3,0,85,371.3,6.618538324,6.086885246,376.3
Jhoan Duran,MIN,3,6,2.45,59,0,0,0,27,1,5,62.1,255,46,25,17,6,25,5,4,8,0,84,357.3,5.753623188,6.055932203,372.3
Dylan Dodd,ATL,2,2,7.6,7,7,0,0,0,0,0,34.1,164,53,29,29,9,12,1,1,1,0,15,42.3,1.240469208,6.042857143,42.3
Karl Kauffmann,COL,2,5,8.23,11,3,0,0,0,0,0,35,158,42,34,32,5,16,0,4,1,0,16,66,1.885714286,6,81
Emmanuel Clase,CLE,3,9,3.22,75,0,0,0,44,0,12,72.2,302,68,37,26,4,16,2,1,5,1,64,448.6,6.213296399,5.981333333,478.6
Bryce Jarvis,ARI,2,1,3.04,11,1,0,0,0,0,0,23.2,92,14,9,8,3,9,0,0,0,0,12,65.6,2.827586207,5.963636364,60.6
Chris Murphy,BOS,1,2,4.91,20,0,0,0,1,0,0,47.2,212,50,27,26,5,17,0,1,4,0,49,117.6,2.491525424,5.88,122.6
Matt Strahm,PHI,9,5,3.29,56,10,0,0,2,11,3,87.2,351,68,34,32,11,21,0,3,1,1,108,328.6,3.768348624,5.867857143,308.6
Kenley Jansen,BOS,3,6,3.63,51,0,0,0,29,0,4,44.2,188,40,21,18,5,17,1,2,1,2,52,298.6,6.755656109,5.854901961,313.6
Bowden Francis,TOR,1,0,1.73,20,0,0,0,1,0,0,36.1,136,22,7,7,5,8,0,1,1,2,35,116.3,3.221606648,5.815,111.3
Brett Kennedy,CIN,1,0,6.5,5,2,0,0,0,0,0,18,83,19,13,13,1,7,0,3,0,0,9,29,1.611111111,5.8,24
Ryan Pressly,HOU,4,5,3.58,65,0,0,0,31,0,6,65.1,268,54,33,26,8,16,0,1,2,0,74,373.3,5.734254992,5.743076923,378.3
Lyon Richardson,CIN,0,2,8.64,4,4,0,0,0,0,0,16.2,81,17,16,16,6,15,0,0,0,0,12,22.6,1.395061728,5.65,32.6
Bruce Zimmermann,BAL,2,0,4.73,7,0,0,0,0,0,0,13.1,61,17,8,7,3,0,0,2,1,0,14,39.3,3,5.614285714,29.3
Paul Sewald,2 Tms,3,2,3.12,65,0,0,0,34,0,5,60.2,249,46,23,21,8,24,1,1,1,0,80,363.6,6.03986711,5.593846154,358.6
Connor Seabold,COL,1,7,7.52,27,13,0,0,0,0,0,87.1,408,116,76,73,19,28,1,7,5,0,67,150.3,1.725602755,5.566666667,180.3
Adbert Alzolay,CHC,2,5,2.67,58,0,0,0,22,6,3,64,253,52,23,19,5,13,0,5,0,2,67,320,5,5.517241379,335
Carlos Estévez,LAA,5,5,3.9,63,0,0,0,31,2,4,62.1,281,62,34,27,7,31,5,5,1,0,78,344.3,5.544283414,5.465079365,344.3
Craig Kimbrel,PHI,8,6,3.26,71,0,0,0,23,7,5,69,278,44,28,25,10,28,1,4,4,2,94,388,5.623188406,5.464788732,378
Zach Plesac,CLE,1,1,7.59,5,5,0,0,0,0,0,21.1,105,37,20,18,3,5,0,0,0,0,14,27.3,1.293838863,5.46,27.3
Michael Tonkin,ATL,7,3,4.28,45,0,0,0,1,2,3,80,325,64,41,38,13,23,1,2,2,1,75,244,3.05,5.422222222,224
Drew Carlton,SDP,2,1,4.35,11,0,0,0,0,0,2,20.2,85,18,12,10,2,6,0,1,1,0,18,59.6,2.95049505,5.418181818,54.6
Evan Phillips,LAD,2,4,2.05,62,0,0,0,24,6,3,61.1,234,38,19,14,6,13,2,3,1,0,66,332.3,5.438625205,5.359677419,342.3
Jake Woodford,STL,2,3,6.23,15,8,0,0,0,0,0,47.2,222,61,34,33,11,22,0,3,3,0,29,79.6,1.686440678,5.306666667,84.6
Drew Rucinski,OAK,0,4,9,4,4,0,0,0,0,0,18,95,27,22,18,5,14,0,1,0,0,6,21,1.166666667,5.25,41
JoJo Romero,STL,4,2,3.68,27,0,0,0,3,3,2,36.2,147,29,17,15,1,10,0,1,2,0,42,141.6,3.91160221,5.244444444,131.6
Xzavion Curry,CLE,3,4,4.07,41,9,0,0,0,0,0,95,404,98,47,43,12,30,1,2,3,2,67,215,2.263157895,5.243902439,220
Alex Lange,DET,7,5,3.68,67,0,0,0,26,6,6,66,288,43,30,27,6,45,1,6,4,0,79,351,5.318181818,5.23880597,341
Kyle Finnegan,WSN,7,5,3.76,67,0,0,0,28,8,8,69.1,288,66,33,29,11,24,1,1,0,0,63,350.3,5.069464544,5.228358209,340.3
Adrián Martínez,OAK,0,2,4.75,22,1,0,0,0,0,0,55,241,59,31,29,8,19,0,5,4,0,47,115,2.090909091,5.227272727,125
David Robertson,2 Tms,6,6,3.03,62,0,0,0,18,10,6,65.1,269,53,28,22,7,25,2,3,5,0,78,321.3,4.935483871,5.182258065,321.3
Jimmy Yacabonis,NYM,2,1,6.59,7,0,0,0,0,0,0,13.2,62,14,10,10,2,6,0,1,0,0,11,35.6,2.696969697,5.085714286,30.6
Brent Headrick,MIN,3,0,6.31,14,0,0,0,1,0,1,25.2,117,27,18,18,7,10,0,4,1,0,30,70.6,2.801587302,5.042857143,55.6
Max Castillo,KCR,0,1,4.43,7,0,0,0,0,0,0,20.1,89,20,10,10,2,9,1,3,0,0,10,35.3,1.756218905,5.042857143,40.3
Deivi García,2 Tms,0,1,2.4,8,0,0,0,1,0,0,15,67,9,9,4,2,12,0,1,0,0,10,40,2.666666667,5,45
Gavin Stone,LAD,1,1,9,8,4,0,0,1,0,0,31,152,46,32,31,8,13,0,2,0,0,22,40,1.290322581,5,40
Jackson Stephens,ATL,0,0,3,5,0,0,0,0,0,0,12,52,13,4,4,1,5,0,0,1,0,11,25,2.083333333,5,25
Jaime Barria,LAA,2,6,5.68,34,6,0,0,0,2,2,82.1,362,91,63,52,20,30,6,2,4,1,62,169.3,2.062119367,4.979411765,189.3
Tanner Scott,MIA,9,5,2.31,74,0,0,0,12,24,4,78,307,53,22,20,3,24,3,4,1,0,104,368,4.717948718,4.972972973,348
A.J. Puk,MIA,7,5,3.97,58,0,0,0,15,2,8,56.2,242,54,29,25,10,13,2,2,1,0,78,287.6,5.117437722,4.95862069,277.6
Clay Holmes,NYY,4,4,2.86,66,0,0,0,24,5,3,63,262,51,22,20,2,23,0,3,5,1,71,326,5.174603175,4.939393939,326
Tanner Banks,CHW,1,4,4.43,32,3,0,0,1,1,1,61,255,59,32,30,10,16,1,4,1,0,51,158,2.590163934,4.9375,173
Nick Martinez,SDP,6,4,3.43,63,9,0,0,1,15,6,110.1,461,99,45,42,12,40,1,3,3,0,106,309.3,2.809264305,4.90952381,299.3
Andrés Muñoz,SEA,4,7,2.94,52,0,0,0,13,14,3,49,211,40,20,16,2,22,3,5,4,2,67,253,5.163265306,4.865384615,268
Trevor May,OAK,4,4,3.28,49,0,0,0,21,1,3,46.2,205,35,21,17,4,29,5,3,2,0,40,237.6,5.142857143,4.848979592,237.6
Ian Hamilton,NYY,3,2,2.64,39,3,0,0,2,5,0,58,239,45,19,17,2,26,1,3,1,0,69,189,3.25862069,4.846153846,184
Kody Funderburk,MIN,2,0,0.75,11,0,0,0,0,1,0,12,47,6,1,1,1,5,0,1,0,0,19,53,4.416666667,4.818181818,43
Will Smith,TEX,2,7,4.4,60,0,0,0,22,8,5,57.1,226,44,31,28,5,17,4,0,1,0,55,288.3,5.049036778,4.805,313.3
Tyler Alexander,DET,2,1,4.5,25,1,0,0,0,1,0,44,181,44,25,22,8,5,0,2,0,0,44,120,2.727272727,4.8,115
Kyle Muller,OAK,1,5,7.6,21,13,0,0,0,0,1,77,372,112,65,65,16,39,1,3,3,1,56,100,1.298701299,4.761904762,120
George Soriano,MIA,0,0,3.81,26,1,0,0,1,0,0,52,228,46,26,22,6,23,1,5,0,1,52,121,2.326923077,4.653846154,121
James McArthur,KCR,1,0,4.63,18,2,0,0,4,2,0,23.1,90,20,12,12,2,2,0,1,1,0,23,83.3,3.606060606,4.627777778,78.3
Hunter Harvey,WSN,4,4,2.82,57,0,0,0,10,19,5,60.2,235,44,21,19,7,13,1,2,2,1,67,260.6,4.328903654,4.571929825,260.6
Sam Bachman,LAA,1,2,3.18,11,0,0,0,1,2,1,17,77,17,7,6,0,11,1,1,3,0,14,50,2.941176471,4.545454545,55
Ryan Weber,NYY,1,0,3.14,8,0,0,0,1,1,0,14.1,60,17,5,5,2,1,0,1,0,0,7,36.3,2.574468085,4.5375,31.3
José Alvarado,PHI,0,2,1.74,42,0,0,0,10,11,2,41.1,172,30,15,8,3,18,1,0,3,0,64,190.3,4.630170316,4.530952381,200.3
Luis Patiño,2 Tms,0,1,4.57,9,1,0,0,0,0,0,21.2,99,21,12,11,3,14,0,0,2,0,18,40.6,1.91509434,4.511111111,45.6
José Suarez,LAA,1,3,8.29,11,7,0,0,0,0,0,33.2,165,46,32,31,10,20,1,1,2,0,28,49.6,1.493975904,4.509090909,59.6
Josh Winder,MIN,2,1,4.15,19,0,0,0,1,1,0,34.2,147,35,16,16,3,14,0,0,1,0,28,85.6,2.502923977,4.505263158,80.6
Tyler Holton,DET,3,2,2.11,59,1,0,0,1,14,1,85.1,324,56,21,20,9,18,1,1,4,0,74,264.3,3.105757932,4.479661017,259.3
Bryan Hoeing,MIA,2,3,5.48,33,7,0,0,0,1,0,70.2,304,71,45,43,13,25,2,2,1,0,53,147.6,2.102564103,4.472727273,152.6
Josh Sborz,TEX,6,7,5.5,44,0,0,0,0,14,4,52.1,215,43,33,32,8,17,0,1,3,0,66,195.3,3.748560461,4.438636364,200.3
Jason Adam,TBR,4,2,2.98,56,0,0,0,12,11,6,54.1,222,35,21,18,7,20,0,9,2,0,69,248.3,4.589648799,4.433928571,238.3
Aroldis Chapman,2 Tms,6,5,3.09,61,0,0,0,6,14,5,58.1,249,37,24,20,4,36,2,1,9,2,103,267.3,4.600688468,4.381967213,262.3
Beau Brieske,DET,2,3,3.6,25,1,0,0,2,4,0,35,152,36,14,14,4,12,0,0,0,0,31,109,3.114285714,4.36,114
Bryse Wilson,MIL,6,0,2.58,53,0,0,0,3,5,1,76.2,314,60,26,22,9,22,0,2,6,0,61,230.6,3.026246719,4.350943396,200.6
Jordan Hicks,2 Tms,3,9,3.29,65,0,0,0,12,13,3,65.2,285,57,30,24,4,32,1,4,8,0,81,282.6,4.334355828,4.347692308,312.6
Keegan Thompson,CHC,2,2,4.71,19,0,0,0,1,3,0,28.2,125,20,15,15,2,19,0,1,2,0,26,81.6,2.893617021,4.294736842,81.6
Luis Cessa,CIN,1,4,9,7,6,0,0,0,0,0,26,132,46,26,26,3,12,0,1,2,0,11,30,1.153846154,4.285714286,45
Devin Smeltzer,MIA,0,1,6.45,9,1,0,0,0,0,0,22.1,100,29,18,16,7,4,0,4,1,0,16,38.3,1.733031674,4.255555556,43.3
Kevin Ginkel,ARI,9,1,2.48,60,0,0,0,4,8,2,65.1,254,41,24,18,3,23,1,2,5,1,70,252.3,3.875576037,4.205,212.3
Kevin Herget,CIN,1,2,5.18,14,0,0,0,1,0,0,24.1,105,26,14,14,4,6,1,2,1,1,13,58.3,2.419087137,4.164285714,63.3
Shawn Armstrong,TBR,1,0,1.38,39,6,0,0,0,6,2,52,207,36,12,8,2,11,0,4,0,0,54,160,3.076923077,4.102564103,155
Scott McGough,ARI,2,7,4.73,63,1,0,0,9,14,5,70.1,301,60,40,37,14,30,2,2,3,0,86,257.3,3.670470756,4.084126984,282.3
Miguel Díaz,DET,1,0,0.64,12,3,0,0,0,2,0,14,54,8,1,1,0,5,0,0,0,0,16,49,3.5,4.083333333,44
Scott Barlow,2 Tms,2,6,4.37,63,0,0,0,13,7,3,68,299,61,39,33,4,34,3,5,3,0,79,257,3.779411765,4.079365079,277
Ryan Walker,SFG,5,3,3.23,49,13,0,0,1,2,1,61.1,263,61,25,22,8,24,0,2,3,0,78,199.3,3.261865794,4.067346939,189.3
Mason Englert,DET,4,3,5.46,31,1,0,0,0,2,3,56,253,67,39,34,12,17,0,2,2,0,41,126,2.25,4.064516129,121
Tyler Gilbert,ARI,0,2,5.19,11,0,0,0,0,0,0,17.1,72,21,10,10,2,5,0,0,1,0,19,44.3,2.590643275,4.027272727,54.3
Tyler Kinley,COL,0,4,6.06,18,0,0,0,5,1,2,16.1,76,21,11,11,3,6,0,1,1,0,17,72.3,4.49068323,4.016666667,92.3
Justin Lawrence,COL,4,7,3.72,69,0,0,0,11,11,7,75,326,65,37,31,5,36,4,7,3,0,78,277,3.693333333,4.014492754,292
Josh Winckowski,BOS,4,4,2.88,60,1,0,0,3,18,4,84.1,367,89,34,27,9,31,2,3,2,0,82,240.3,2.857312723,4.005,240.3
Sean Hjelle,SFG,2,1,6.52,15,0,0,0,0,0,1,29,139,38,25,21,3,13,1,4,5,0,31,60,2.068965517,4,55
Daniel Palencia,CHC,5,3,4.45,27,0,0,0,0,2,1,28.1,119,22,16,14,3,14,0,2,5,0,33,107.3,3.818505338,3.974074074,97.3
Jay Jackson,TOR,3,1,2.12,25,0,0,0,0,1,0,29.2,116,18,8,7,4,9,2,1,1,0,27,98.6,3.376712329,3.944,88.6
Chris Devenski,2 Tms,6,4,4.46,38,0,0,0,0,10,5,42.1,173,36,24,21,6,11,1,1,1,0,42,149.3,3.54631829,3.928947368,139.3
Shelby Miller,LAD,3,0,1.71,36,1,0,0,1,3,0,42,163,19,8,8,3,19,2,2,1,0,42,140,3.333333333,3.888888889,125
Brandon Walter,BOS,0,0,6.26,9,0,0,0,1,0,0,23,106,32,17,16,3,7,0,1,1,0,16,35,1.52173913,3.888888889,35
Joel Payamps,MIL,7,5,2.55,69,0,0,0,3,27,3,70.2,287,57,24,20,8,17,1,5,2,2,77,267.6,3.811965812,3.87826087,257.6
Hunter Stratton,PIT,0,0,2.25,8,0,0,0,0,0,1,12,47,9,3,3,2,3,0,1,1,0,10,31,2.583333333,3.875,31
Pierce Johnson,2 Tms,2,6,4.02,67,0,0,0,13,12,3,62.2,277,63,34,28,10,30,1,0,4,0,90,259.6,4.173633441,3.874626866,279.6
Kirby Yates,ATL,7,2,3.28,61,0,0,0,5,9,3,60.1,254,35,22,22,9,37,1,5,5,1,80,235.3,3.915141431,3.857377049,210.3
Bryan Abreu,HOU,3,2,1.75,72,0,0,0,5,24,4,72,287,44,17,14,6,31,0,3,1,0,100,277,3.847222222,3.847222222,272
Denyi Reyes,NYM,0,2,7.78,9,3,0,0,0,1,0,19.2,90,25,17,17,3,8,0,1,0,0,17,34.6,1.802083333,3.844444444,44.6
Robert Garcia,2 Tms,2,2,3.66,25,0,0,0,0,4,0,32,127,26,16,13,3,12,2,0,2,0,33,96,3,3.84,96
Robert Suarez,SDP,4,3,4.23,26,0,0,0,0,8,3,27.2,108,15,13,13,4,10,3,0,0,0,24,99.6,3.661764706,3.830769231,94.6
Isaiah Campbell,SEA,4,1,2.83,27,0,0,0,1,2,0,28.2,120,22,9,9,2,13,1,1,2,1,33,102.6,3.638297872,3.8,87.6
Giovanny Gallegos,STL,2,4,4.42,56,0,0,0,10,20,6,55,229,54,28,27,11,12,0,0,3,1,59,211,3.836363636,3.767857143,221
A.J. Minter,ATL,3,6,3.76,70,0,0,0,10,21,3,64.2,260,56,28,27,6,21,2,0,1,1,82,263.6,4.105919003,3.765714286,278.6
Ron Marinaccio,NYY,4,5,3.99,45,0,0,0,2,7,3,47.1,205,35,24,21,6,27,0,7,2,0,56,169.3,3.59447983,3.762222222,174.3
Jeff Hoffman,PHI,5,2,2.41,54,0,0,0,1,11,2,52.1,208,29,16,14,3,19,1,2,4,0,69,202.3,3.882917466,3.746296296,187.3
Jalen Beeks,TBR,2,3,5.95,30,8,0,0,1,2,1,42.1,192,42,28,28,4,21,0,1,3,0,47,112.3,2.667458432,3.743333333,117.3
Nate Pearson,TOR,5,2,4.85,35,0,0,0,1,3,2,42.2,182,36,25,23,7,18,2,3,5,0,43,130.6,3.09478673,3.731428571,115.6
Adam Ottavino,NYM,1,7,3.21,66,0,0,0,12,12,3,61.2,261,46,24,22,7,29,3,8,5,3,62,245.6,4.013071895,3.721212121,275.6
Austin Pruitt,OAK,2,6,2.98,38,6,0,0,0,4,1,48.1,196,44,18,16,5,12,1,1,1,0,30,141.3,2.937629938,3.718421053,161.3
Reynaldo López,3 Tms,3,7,3.27,68,0,0,0,6,22,6,66,278,50,25,24,8,34,2,1,4,1,83,251,3.803030303,3.691176471,271
Andrew Wantz,LAA,2,0,3.89,27,3,0,0,0,4,3,39.1,160,28,18,17,4,15,1,1,0,0,33,99.3,2.539641944,3.677777778,89.3
Dauri Moreta,PIT,5,2,3.72,55,0,0,0,1,5,2,58,239,39,26,24,4,24,1,3,3,0,76,202,3.482758621,3.672727273,187
Kendall Graveman,2 Tms,5,6,3.12,68,0,0,0,8,13,4,66.1,282,51,27,23,9,36,0,5,3,1,66,249.3,3.771558245,3.666176471,254.3
Stephen Nogosek,NYM,0,1,5.61,13,0,0,0,0,0,0,25.2,118,28,16,16,6,14,0,2,2,0,25,47.6,1.888888889,3.661538462,52.6
Oliver Ortega,MIN,0,1,4.3,10,0,0,0,0,1,0,14.2,63,11,7,7,2,7,0,1,1,0,14,36.6,2.577464789,3.66,41.6
Madison Bumgarner,ARI,0,3,10.26,4,4,0,0,0,0,0,16.2,90,25,20,19,4,15,0,1,0,0,10,14.6,0.901234568,3.65,29.6
Matt Brash,SEA,9,4,3.06,78,0,0,0,4,24,5,70.2,308,65,26,24,3,29,0,6,11,0,107,284.6,4.054131054,3.648717949,259.6
Zach Neal,OAK,1,1,6.67,14,2,0,0,0,0,0,27,124,30,22,20,8,14,1,2,0,0,25,51,1.888888889,3.642857143,51
Angel Perdomo,PIT,3,2,3.72,30,0,0,0,0,5,0,29,117,21,14,12,3,11,3,3,0,0,44,109,3.75862069,3.633333333,104
Colin Poche,TBR,12,3,2.23,66,0,0,0,1,22,4,60.2,246,42,17,15,4,24,1,1,3,0,61,239.6,3.980066445,3.63030303,194.6
DL Hall,BAL,3,0,3.26,18,0,0,0,0,2,1,19.1,81,18,8,7,2,5,0,0,1,1,23,65.3,3.418848168,3.627777778,50.3
Joe Kelly,2 Tms,2,5,4.12,42,0,0,0,1,13,6,39.1,168,29,22,18,3,18,0,2,6,2,60,152.3,3.895140665,3.626190476,167.3
Griffin Jax,MIN,6,10,3.86,71,0,0,0,4,23,7,65.1,274,58,30,28,5,19,1,4,1,0,68,257.3,3.952380952,3.623943662,277.3
Grant Hartwig,NYM,5,2,4.84,28,0,0,0,0,2,0,35.1,158,34,23,19,3,15,1,6,2,0,30,101.3,2.886039886,3.617857143,86.3
José De León,MIN,0,1,4.67,12,1,0,0,0,0,0,17.1,70,16,10,9,2,5,0,1,0,0,17,43.3,2.532163743,3.608333333,48.3
Kevin Kelly,TBR,5,2,3.09,57,0,0,0,1,11,1,67,276,53,27,23,2,15,1,10,1,0,56,205,3.059701493,3.596491228,190
Brock Stewart,MIN,2,0,0.65,28,0,0,0,1,8,2,27.2,109,19,2,2,1,11,3,1,1,0,39,100.6,3.698529412,3.592857143,90.6
Chad Green,TOR,3,0,5.25,12,0,0,0,0,2,0,12,52,12,10,7,1,4,1,0,0,0,16,43,3.583333333,3.583333333,28
Chad Kuhl,WSN,0,4,8.45,16,5,0,0,1,0,1,38.1,187,47,38,36,8,28,2,3,4,0,31,57.3,1.503937008,3.58125,77.3
Austin Cox,KCR,0,1,4.54,24,3,0,0,1,5,0,35.2,149,28,20,18,2,17,0,2,1,0,33,85.6,2.431818182,3.566666667,90.6
Ray Kerr,SDP,1,1,4.33,22,0,0,0,0,0,1,27,114,25,15,13,5,9,1,1,1,0,35,78,2.888888889,3.545454545,78
Héctor Neris,HOU,6,3,1.71,71,0,0,0,2,31,1,68.1,273,41,16,13,7,31,0,3,3,0,77,251.3,3.690161527,3.53943662,236.3
Yennier Cano,BAL,1,4,2.11,72,0,0,0,8,31,6,72.2,283,60,19,17,4,13,2,3,2,1,65,254.6,3.526315789,3.536111111,269.6
Brusdar Graterol,LAD,4,2,1.2,68,1,0,0,7,19,1,67.1,257,53,14,9,3,12,1,2,2,0,48,239.3,3.566318927,3.519117647,229.3
Zack Weiss,2 Tms,1,0,3.21,12,0,0,0,0,0,0,14,58,9,6,5,4,6,0,1,0,0,15,42,3,3.5,37
Trevor Richards,TOR,2,1,4.95,56,3,0,0,0,11,2,72.2,315,63,41,40,13,35,3,2,5,0,105,195.6,2.709141274,3.492857143,190.6
Shintaro Fujinami,2 Tms,7,8,7.18,64,7,0,0,2,5,4,79,357,73,65,63,9,45,1,7,8,0,83,223,2.82278481,3.484375,228
Ryan Borucki,PIT,4,0,2.45,38,2,0,0,0,8,0,40.1,152,26,11,11,4,4,0,4,1,0,33,132.3,3.29925187,3.481578947,112.3
Andrew Nardi,MIA,8,1,2.67,63,0,0,0,3,17,1,57.1,237,45,18,17,7,21,2,4,0,0,73,219.3,3.840630473,3.480952381,184.3
Cory Abbott,WSN,1,2,6.64,22,0,0,0,0,0,0,39.1,183,48,29,29,9,19,0,4,4,1,40,76.3,1.95140665,3.468181818,81.3
Carmen Mlodzinski,PIT,3,3,2.25,35,1,0,0,1,10,1,36,152,28,14,9,3,18,1,1,0,0,34,121,3.361111111,3.457142857,121
Robert Stephenson,2 Tms,3,4,3.1,60,0,0,0,1,15,5,52.1,201,30,20,18,8,16,2,0,4,0,77,207.3,3.978886756,3.455,212.3
Jimmy Cordero,NYY,3,2,3.86,31,1,0,0,0,8,1,32.2,132,25,14,14,2,10,0,2,5,1,34,106.6,3.310559006,3.438709677,101.6
John Brebbia,SFG,3,5,3.99,40,10,0,0,0,6,1,38.1,161,31,21,17,6,14,2,0,0,0,47,137.3,3.603674541,3.4325,147.3
Angel Felipe,OAK,1,1,4.2,14,0,0,0,0,4,1,15,64,6,7,7,0,13,0,1,1,0,19,48,3.2,3.428571429,48
Thomas Hatch,2 Tms,1,1,4.08,18,2,0,0,0,3,1,28.2,129,33,18,13,2,12,1,1,2,0,26,61.6,2.184397163,3.422222222,61.6
Nick Sandlin,CLE,5,5,3.75,61,0,0,0,0,10,1,60,239,38,28,25,12,24,1,2,0,0,66,208,3.466666667,3.409836066,208
Nick Vespi,BAL,1,0,4.3,9,0,0,0,0,0,0,14.2,59,16,7,7,2,2,1,1,0,0,9,30.6,2.154929577,3.4,25.6
Chris Stratton,2 Tms,2,1,3.92,64,0,0,0,1,7,2,82.2,338,69,39,36,8,25,0,2,5,0,81,217.6,2.647201946,3.4,212.6
Carlos Hernández,KCR,1,10,5.27,67,4,0,0,4,17,6,70,300,62,43,41,10,31,1,1,5,2,77,227,3.242857143,3.388059701,272
Brendan White,DET,2,3,5.09,33,2,0,0,0,1,0,40.2,177,40,25,23,4,15,0,5,1,0,44,111.6,2.776119403,3.381818182,116.6
Trent Thornton,2 Tms,1,2,2.01,27,1,0,0,0,2,1,31.1,125,30,12,7,5,6,0,0,0,0,26,91.3,2.935691318,3.381481481,96.3
Julian Merryweather,CHC,5,1,3.38,69,0,0,0,2,17,2,72,303,58,28,27,8,36,0,1,3,0,98,233,3.236111111,3.376811594,213
Lucas Sims,CIN,7,3,3.1,67,0,0,0,3,23,5,61,258,33,23,21,5,39,1,10,3,1,72,226,3.704918033,3.373134328,206
Tommy Kahnle,NYY,1,3,2.66,42,0,0,0,2,14,2,40.2,165,26,14,12,5,19,0,1,3,0,48,141.6,3.52238806,3.371428571,151.6
Zach Jackson,OAK,2,1,2.5,19,0,0,0,1,1,1,18,80,18,7,5,1,10,0,0,5,0,23,64,3.555555556,3.368421053,59
Fernando Cruz,CIN,1,2,4.91,58,2,0,0,0,7,0,66,279,52,39,36,6,28,0,2,5,0,98,195,2.954545455,3.362068966,200
Trevor Stephan,CLE,7,7,4.06,71,0,0,0,2,28,8,68.2,294,63,35,31,6,26,1,5,3,0,75,238.6,3.498533724,3.36056338,238.6
Emilio Pagán,MIN,5,2,2.99,66,1,0,0,1,8,5,69.1,273,45,26,23,5,21,2,1,2,0,65,221.3,3.20260492,3.353030303,206.3
Matt Moore,3 Tms,5,1,2.56,50,0,0,0,0,22,3,52.2,218,46,16,15,7,15,3,3,1,0,60,167.6,3.210727969,3.352,147.6
Peter Strzelecki,2 Tms,3,5,4.38,37,0,0,0,0,14,1,37,163,33,18,18,3,12,1,8,0,0,37,124,3.351351351,3.351351351,134
José Soriano,LAA,1,3,3.64,38,0,0,0,0,15,1,42,185,33,22,17,4,23,2,7,2,1,56,127,3.023809524,3.342105263,137
Nick Ramirez,NYY,1,2,2.66,32,0,0,0,1,2,1,40.2,172,41,17,12,1,9,0,1,0,1,28,106.6,2.651741294,3.33125,111.6
Tyson Miller,3 Tms,1,0,4.7,10,0,0,0,0,0,0,15.1,64,13,8,8,2,6,0,1,2,0,10,33.3,2.205298013,3.33,28.3
Erik Swanson,TOR,4,2,2.97,69,0,0,0,4,29,2,66.2,262,52,22,22,8,21,0,0,0,0,75,228.6,3.453172205,3.313043478,218.6
Penn Murfee,SEA,1,2,1.29,16,0,0,0,0,1,1,14,58,5,5,2,1,10,3,1,0,1,16,53,3.785714286,3.3125,58
Tyler Rogers,SFG,4,5,3.04,68,0,0,0,2,30,6,74,309,66,27,25,7,19,2,3,0,0,60,225,3.040540541,3.308823529,230
Ty Adcock,SEA,0,0,3.45,12,0,0,0,0,0,0,15.2,58,11,7,6,4,0,0,0,0,0,11,39.6,2.605263158,3.3,39.6
Jorge Alcala,MIN,0,1,6.23,11,0,0,0,0,2,1,17.1,75,14,13,12,5,10,0,1,0,0,16,36.3,2.122807018,3.3,41.3
Nick Anderson,ATL,4,0,3.06,35,0,0,0,1,15,2,35.1,141,30,14,12,3,9,0,0,1,0,36,115.3,3.284900285,3.294285714,95.3
Gregory Santos,CHW,2,2,3.39,60,0,0,0,5,6,4,66.1,289,69,29,25,2,17,1,5,2,1,66,197.3,2.984871407,3.288333333,197.3
Luke Jackson,SFG,2,2,2.97,33,0,0,0,0,4,2,33.1,143,26,14,11,3,15,2,1,3,1,43,108.3,3.271903323,3.281818182,108.3
Buck Farmer,CIN,4,5,4.2,71,0,0,0,3,9,6,75,309,58,36,35,11,29,0,4,1,0,70,233,3.106666667,3.281690141,238
Dylan Covey,2 Tms,1,3,3.77,29,1,0,0,0,1,1,43,191,48,22,18,5,17,1,2,0,0,30,95,2.209302326,3.275862069,105
Ian Gibaut,CIN,8,4,3.33,74,0,0,0,3,22,6,75.2,318,69,33,28,8,28,4,4,0,0,69,240.6,3.199468085,3.251351351,220.6
Mike Baumann,BAL,10,1,3.76,60,0,0,0,0,6,3,64.2,273,52,29,27,7,33,2,2,7,0,61,194.6,3.031152648,3.243333333,149.6
Reed Garrett,2 Tms,1,0,6.41,11,0,0,0,0,0,0,19.2,87,22,14,14,3,7,0,1,0,0,16,35.6,1.854166667,3.236363636,30.6
Will Vest,DET,2,1,2.98,48,4,0,0,2,11,3,48.1,199,40,18,16,3,13,1,0,0,0,56,155.3,3.228690229,3.235416667,150.3
Huascar Brazoban,MIA,5,2,4.14,50,0,0,0,0,13,3,58.2,257,53,28,27,5,31,2,4,3,0,65,161.6,2.776632302,3.232,146.6
Seth Martinez,HOU,2,3,5.23,35,0,0,0,1,2,0,43,195,45,29,25,5,19,2,6,0,0,45,113,2.627906977,3.228571429,118
José Leclerc,TEX,0,2,2.68,57,0,0,0,4,8,5,57,233,37,19,17,5,28,2,2,2,0,67,184,3.228070175,3.228070175,194
Chris Martin,BOS,4,1,1.05,55,0,0,0,3,23,1,51.1,199,45,6,6,2,8,3,0,1,0,46,177.3,3.469667319,3.223636364,162.3
Jason Foley,DET,3,3,2.61,70,0,0,0,7,28,2,69,276,65,21,20,2,15,2,1,2,0,55,225,3.260869565,3.214285714,225
Elvis Peguero,MIL,4,5,3.38,59,0,0,0,1,21,5,61.1,252,49,25,23,4,26,1,4,1,0,54,188.3,3.081833061,3.191525424,193.3
Keynan Middleton,2 Tms,2,2,3.38,51,0,0,0,2,5,2,50.2,212,40,20,19,8,23,0,1,2,0,64,162.6,3.239043825,3.188235294,162.6
Derek Law,CIN,4,6,3.6,54,3,0,0,2,3,1,55,240,50,24,22,6,26,0,3,5,0,45,172,3.127272727,3.185185185,182
Brent Honeywell,2 Tms,2,4,4.82,40,0,0,0,0,4,2,52.1,234,53,29,28,10,23,0,5,3,1,45,127.3,2.443378119,3.1825,137.3
Brent Suter,COL,4,3,3.38,57,2,0,0,0,7,3,69.1,292,65,36,26,3,25,0,3,1,0,55,181.3,2.623733719,3.180701754,176.3
Trevor Megill,MIL,1,0,3.63,31,2,0,0,0,4,1,34.2,148,35,14,14,2,12,0,1,2,0,52,98.6,2.883040936,3.180645161,93.6
Dylan Floro,2 Tms,5,6,4.76,62,0,0,0,7,9,3,56.2,248,70,34,30,3,17,3,3,1,0,58,196.6,3.498220641,3.170967742,201.6
Phil Bickford,2 Tms,5,5,4.95,61,0,0,0,1,4,1,67.1,304,59,41,37,8,39,4,4,4,1,76,193.3,2.880774963,3.168852459,193.3
Miguel Castro,ARI,6,6,4.31,75,0,0,0,7,13,4,64.2,268,51,32,31,8,25,3,3,0,0,60,237.6,3.700934579,3.168,237.6
Chad Smith,OAK,1,2,6.59,10,0,0,0,0,0,0,13.2,60,15,10,10,2,7,0,2,1,0,9,31.6,2.393939394,3.16,36.6
Phil Maton,HOU,4,3,3,68,0,0,0,1,10,1,66,274,49,27,22,6,25,2,9,1,0,74,214,3.242424242,3.147058824,209
Taylor Rogers,SFG,6,4,3.83,60,0,0,0,2,12,0,51.2,216,39,27,22,6,25,3,3,3,0,64,188.6,3.68359375,3.143333333,178.6
Michael Fulmer,CHC,3,5,4.42,58,1,0,0,2,11,3,57,237,48,29,28,7,28,0,2,5,0,65,182,3.192982456,3.137931034,192
Victor González,LAD,3,3,4.01,34,1,0,0,0,4,0,33.2,135,27,15,15,2,10,1,3,1,0,30,106.6,3.210843373,3.135294118,106.6
Bryan Baker,BAL,4,3,3.6,46,0,0,0,0,11,3,45,186,33,19,18,4,24,2,1,3,0,51,144,3.2,3.130434783,139
Jordan Weems,WSN,5,1,3.62,51,0,0,0,0,7,3,54.2,232,38,25,22,9,28,5,3,0,0,60,159.6,2.944649446,3.129411765,139.6
Bryan Shaw,CHW,0,0,4.14,38,0,0,0,4,4,1,45.2,190,39,21,21,3,17,0,6,1,0,40,118.6,2.623893805,3.121052632,118.6
Lucas Erceg,OAK,4,4,4.75,50,0,0,0,0,11,2,55,251,51,33,29,1,36,1,6,5,0,68,156,2.836363636,3.12,156
Tommy Hunter,NYM,0,1,6.85,14,0,0,0,0,1,0,23.2,106,28,20,18,6,5,0,2,0,0,20,43.6,1.879310345,3.114285714,48.6
James Karinchak,CLE,2,5,3.23,44,0,0,0,0,13,2,39,171,24,18,14,6,28,1,3,1,1,52,137,3.512820513,3.113636364,152
Caleb Ferguson,LAD,7,4,3.43,68,7,0,0,3,17,5,60.1,270,64,30,23,4,23,0,8,3,0,70,210.3,3.499168053,3.092647059,195.3
Albert Abreu,NYY,2,2,4.73,45,0,0,0,0,3,0,59,268,52,39,31,9,35,1,6,5,0,61,139,2.355932203,3.088888889,139
Danny Coulombe,BAL,5,3,2.81,61,0,0,0,2,21,3,51.1,210,45,17,16,4,12,0,2,2,2,58,188.3,3.684931507,3.086885246,178.3
Eli Morgan,CLE,5,2,4.01,61,0,0,0,1,7,2,67.1,299,73,37,30,9,24,1,1,2,1,75,188.3,2.806259314,3.086885246,173.3
Brock Burke,TEX,5,3,4.37,53,0,0,0,0,12,2,59.2,250,64,32,29,13,9,4,2,2,0,52,163.6,2.763513514,3.086792453,153.6
Mark Leiter Jr.,CHC,1,3,3.5,69,0,0,0,4,28,4,64.1,269,48,27,25,7,24,0,8,2,1,77,212.3,3.31201248,3.076811594,222.3
Luis F. Ortiz,PHI,0,0,3.32,14,0,0,0,1,0,0,19,80,23,7,7,1,5,0,0,0,0,16,43,2.263157895,3.071428571,43
Austin Voth,BAL,1,2,5.19,25,0,0,0,0,4,1,34.2,160,39,22,20,6,15,1,3,0,0,34,76.6,2.239766082,3.064,81.6
Collin McHugh,ATL,4,1,4.3,41,1,0,0,0,7,1,58.2,268,70,34,28,5,22,1,4,0,0,47,125.6,2.158075601,3.063414634,110.6
Sammy Peralta,CHW,2,0,4.05,16,0,0,0,0,0,0,20,90,19,11,9,2,11,0,0,0,0,18,49,2.45,3.0625,39
Abner Uribe,MIL,1,0,1.76,32,0,0,0,1,8,1,30.2,127,16,8,6,0,20,0,1,6,1,39,97.6,3.231788079,3.05,92.6
Drew Smith,NYM,4,6,4.15,62,0,0,0,3,12,2,56.1,244,50,31,26,7,29,0,5,2,0,60,188.3,3.356506239,3.037096774,198.3
Andrew Chafin,2 Tms,3,4,4.73,63,0,0,0,8,14,5,51.1,224,45,30,27,6,28,0,1,2,0,63,191.3,3.743639922,3.036507937,196.3
Erasmo Ramírez,2 Tms,3,3,6.41,38,2,0,0,0,2,1,60.1,274,82,47,43,11,13,0,4,2,1,43,115.3,1.918469218,3.034210526,115.3
Jake Bird,COL,3,3,4.33,70,3,0,0,0,13,11,89.1,381,94,47,43,6,27,0,7,2,0,77,210.3,2.36026936,3.004285714,210.3
Justin Topa,SEA,5,4,2.61,75,0,0,0,3,23,2,69,279,61,26,20,4,18,4,3,0,0,61,225,3.260869565,3,220
Eduard Bazardo,2 Tms,0,0,4.5,12,0,0,0,0,0,0,16,67,15,8,8,2,4,0,0,0,0,15,36,2.25,3,36
Ryan Brasier,2 Tms,3,0,3.02,59,0,0,0,2,10,1,59.2,238,42,24,20,3,19,1,3,3,0,56,176.6,2.983108108,2.993220339,161.6
Jesse Chavez,ATL,1,0,1.56,36,1,0,0,1,13,2,34.2,144,26,10,6,2,12,0,3,0,0,39,107.6,3.14619883,2.988888889,102.6
Grant Anderson,TEX,2,1,5.05,26,0,0,0,0,5,4,35.2,154,38,20,20,5,14,1,1,1,0,30,77.6,2.204545455,2.984615385,72.6
Caleb Thielbar,MIN,3,1,3.23,36,0,0,0,0,14,1,30.2,120,23,12,11,7,6,0,0,1,0,36,106.6,3.529801325,2.961111111,96.6
Nick Mears,COL,0,1,3.72,16,0,0,0,0,1,0,19.1,87,14,8,8,1,14,0,1,1,1,21,47.3,2.476439791,2.95625,52.3
Yimi García,TOR,3,4,4.09,73,0,0,0,3,19,4,66,282,67,35,30,8,15,1,6,0,0,79,214,3.242424242,2.931506849,219
Seranthony Domínguez,PHI,5,5,3.78,57,0,0,0,2,14,7,50,224,48,25,21,7,22,0,6,1,1,48,167,3.34,2.929824561,167
Ryan Thompson,2 Tms,1,2,3.82,31,0,0,0,1,8,3,30.2,121,20,14,13,3,8,0,4,2,0,21,90.6,3,2.922580645,95.6
J.C. Mejía,MIL,1,0,5.56,9,0,0,0,0,1,1,11.1,50,15,7,7,2,3,0,1,1,0,13,26.3,2.369369369,2.922222222,21.3
Joe Jiménez,ATL,0,3,3.04,59,0,0,0,0,13,3,56.1,238,51,22,19,9,14,0,2,0,0,73,172.3,3.071301248,2.920338983,187.3
Josh Taylor,KCR,1,3,8.15,17,1,0,0,0,0,2,17.2,83,22,17,16,4,9,1,0,1,1,26,49.6,2.88372093,2.917647059,59.6
Jeff Brigham,NYM,1,3,5.26,37,0,0,0,0,5,2,37.2,160,26,23,22,9,18,0,5,0,0,42,107.6,2.892473118,2.908108108,117.6
Joe La Sorsa,2 Tms,1,0,4.41,25,0,0,0,0,2,0,32.2,145,32,16,16,3,9,0,6,0,1,28,72.6,2.254658385,2.904,67.6
Michael Kelly,CLE,1,0,3.78,14,0,0,0,0,0,0,16.2,71,13,8,7,0,9,0,0,3,0,16,40.6,2.50617284,2.9,35.6
Andrew Kittredge,TBR,2,0,3.09,14,0,0,0,1,1,0,11.2,50,12,4,4,1,2,0,1,0,0,10,40.6,3.625,2.9,30.6
Jimmy Herget,LAA,2,4,4.66,29,1,0,0,0,6,3,29,127,33,15,15,7,8,3,2,0,0,26,84,2.896551724,2.896551724,94
Tom Cosgrove,SDP,1,2,1.75,54,0,0,0,1,7,0,51.1,205,31,12,10,3,19,1,5,1,0,44,156.3,3.058708415,2.894444444,161.3
Taylor Clarke,KCR,3,6,5.95,58,2,0,0,3,12,3,59,266,71,42,39,12,24,1,3,3,0,65,167,2.830508475,2.879310345,182
Nabil Crismatt,2 Tms,0,2,8.31,8,0,0,0,0,0,0,13,65,19,13,12,3,7,0,1,2,1,12,23,1.769230769,2.875,33
Gavin Hollowell,COL,2,0,5.88,26,0,0,0,1,2,1,33.2,154,31,23,22,8,18,1,6,0,0,32,74.6,2.246987952,2.869230769,64.6
Mauricio Llovera,2 Tms,2,3,4.89,30,0,0,0,0,0,1,35,160,36,25,19,3,15,3,4,1,0,29,86,2.457142857,2.866666667,91
Wandy Peralta,NYY,4,2,2.83,63,0,0,0,4,18,3,54,227,36,19,17,7,30,0,6,1,3,51,180,3.333333333,2.857142857,170
Joe Mantiply,ARI,2,2,4.62,35,3,0,0,0,1,0,39,157,35,22,20,4,9,1,0,1,0,28,100,2.564102564,2.857142857,100
Tim Herrin,CLE,1,1,5.53,23,0,0,0,0,1,1,27.2,121,29,18,17,3,12,0,2,2,0,32,65.6,2.411764706,2.852173913,65.6
Domingo Tapia,SDP,0,1,3.57,15,0,0,0,1,1,0,17.2,75,13,8,7,2,12,1,1,0,0,14,42.6,2.476744186,2.84,47.6
Cole Sands,MIN,0,0,3.74,15,0,0,0,0,0,0,21.2,98,20,10,9,4,13,0,0,3,0,21,42.6,2.009433962,2.84,42.6
Gregory Soto,PHI,3,4,4.62,69,0,0,0,3,24,3,60.1,250,47,34,31,6,22,0,2,5,0,65,195.3,3.249584027,2.830434783,200.3
Trevor Kelley,TBR,0,1,5.87,10,3,0,0,0,1,0,15.1,69,16,10,10,4,6,1,2,1,1,11,28.3,1.874172185,2.83,33.3
Casey Lawrence,STL,1,0,6.59,15,0,0,0,0,4,0,27.1,122,32,20,20,7,10,2,2,0,0,20,42.3,1.560885609,2.82,37.3
Dany Jiménez,OAK,0,2,3.47,25,1,0,0,1,7,1,23.1,94,11,9,9,3,14,1,0,2,0,21,70.3,3.043290043,2.812,80.3
Calvin Faucher,TBR,1,1,7.01,17,4,0,0,0,1,0,25.2,120,31,20,20,4,12,0,1,4,0,25,47.6,1.888888889,2.8,47.6
Kyle Nelson,ARI,7,4,4.18,68,2,0,0,0,11,4,56,239,59,30,26,12,14,1,1,1,0,67,190,3.392857143,2.794117647,175
Steven Wilson,SDP,1,2,3.91,52,0,0,0,0,22,2,53,219,35,23,23,7,27,1,3,0,0,57,145,2.735849057,2.788461538,150
Alex Vesia,LAD,2,5,4.35,56,1,0,0,1,9,1,49.2,217,52,27,24,7,17,3,2,2,0,64,155.6,3.162601626,2.778571429,170.6
Tucker Davidson,2 Tms,1,2,5.96,38,1,0,0,2,2,0,51.1,236,64,37,34,6,19,2,3,4,0,46,105.3,2.060665362,2.771052632,110.3
Drew VerHagen,STL,5,1,3.98,60,0,0,0,0,14,1,61,268,52,30,27,9,26,2,9,3,1,60,166,2.721311475,2.766666667,146
Jimmy Lambert,CHW,2,3,5.26,35,1,0,0,1,3,0,37.2,172,41,26,22,10,20,3,1,0,0,41,96.6,2.596774194,2.76,101.6
Enyel De Los Santos,CLE,5,2,3.29,70,0,0,0,0,16,3,65.2,262,50,26,24,4,25,1,4,2,2,62,192.6,2.95398773,2.751428571,177.6
Andrés Machado,WSN,4,1,5.22,44,0,0,0,0,4,2,50,207,53,29,29,12,13,2,1,1,1,43,121,2.42,2.75,106
Aaron Bummer,CHW,5,5,6.79,61,0,0,0,0,15,3,58.1,267,53,45,44,4,36,3,5,6,0,78,166.3,2.862306368,2.726229508,166.3
Michael Rucker,CHC,2,1,4.91,35,0,0,0,0,0,0,40.1,176,39,22,22,6,19,0,3,1,0,40,95.3,2.376558603,2.722857143,90.3
Andrew Vasquez,2 Tms,2,1,3.35,42,0,0,0,0,2,0,48.1,219,46,21,18,4,23,1,7,2,3,43,114.3,2.376299376,2.721428571,109.3
Connor Brogdon,PHI,2,1,4.03,27,1,0,0,0,3,0,29,127,29,14,13,5,13,0,1,2,0,26,73,2.517241379,2.703703704,68
John Schreiber,BOS,2,1,3.86,46,2,0,0,1,10,2,46.2,204,41,22,20,6,25,2,4,1,0,53,123.6,2.675324675,2.686956522,118.6
Jonathan Loáisiga,NYY,0,2,3.06,17,0,0,0,0,5,0,17.2,69,14,7,6,2,1,1,2,0,0,6,45.6,2.651162791,2.682352941,55.6
José Cisnero,DET,3,4,5.31,63,0,0,0,2,14,2,59.1,267,63,39,35,10,25,2,5,9,0,70,167.3,2.830795262,2.655555556,172.3
Jose Hernandez,PIT,1,3,4.97,50,0,0,0,0,4,2,50.2,223,47,30,28,9,22,3,1,5,2,62,132.6,2.641434263,2.652,142.6
Steven Okert,MIA,3,2,4.45,64,2,0,0,0,12,3,58.2,247,50,31,29,9,24,0,2,1,1,73,169.6,2.914089347,2.65,164.6
Yerry De Los Santos,PIT,1,1,3.33,22,0,0,0,0,3,0,24.1,104,17,10,9,1,13,3,1,0,0,18,58.3,2.419087137,2.65,58.3
Carl Edwards Jr.,WSN,1,3,3.69,32,0,0,0,2,13,2,31.2,142,31,14,13,1,17,2,1,2,0,24,84.6,2.711538462,2.64375,94.6
Matt Carasiti,COL,1,0,6.29,16,0,0,0,1,3,0,24.1,110,28,19,17,3,11,0,1,1,0,16,42.3,1.755186722,2.64375,37.3
Richard Lovelady,OAK,0,3,4.63,27,0,0,0,0,4,2,23.1,96,15,13,12,3,10,0,3,0,0,24,71.3,3.086580087,2.640740741,86.3
Mason Thompson,WSN,4,4,5.5,51,0,0,0,1,10,3,54,240,62,35,33,4,22,0,4,4,0,44,134,2.481481481,2.62745098,134
Dennis Santana,NYM,1,0,5.91,9,0,0,0,0,2,0,10.2,50,10,7,7,2,7,0,1,1,0,12,23.6,2.31372549,2.622222222,18.6
Hoby Milner,MIL,2,1,1.82,73,0,0,0,0,17,3,64.1,252,49,16,13,5,13,0,2,1,0,59,191.3,2.984399376,2.620547945,186.3
Kaleb Ort,BOS,1,2,6.26,21,2,0,0,0,1,0,23,107,27,19,16,6,9,1,1,2,0,24,55,2.391304348,2.619047619,60
Duane Underwood Jr.,PIT,1,0,5.18,20,0,0,0,2,3,0,24.1,100,24,14,14,3,11,0,0,0,0,14,52.3,2.170124481,2.615,47.3
Dominic Leone,3 Tms,1,3,4.67,51,0,0,0,1,3,0,54,235,49,28,28,14,28,3,2,4,0,54,133,2.462962963,2.607843137,143
Garrett Cleavinger,TBR,1,0,3,15,0,0,0,0,0,2,12,48,6,5,4,2,6,0,1,1,0,14,39,3.25,2.6,34
Sam Hentges,CLE,3,2,3.61,56,0,0,0,0,15,2,52.1,223,53,24,21,2,18,0,0,3,0,56,145.3,2.788867562,2.594642857,140.3
Joe Jacques,BOS,2,1,5.06,23,1,0,0,1,0,0,26.2,122,32,17,15,2,10,2,6,1,0,20,59.6,2.27480916,2.591304348,54.6
Greg Weissert,NYY,0,0,4.05,17,0,0,0,0,2,0,20,87,21,9,9,3,8,0,1,1,1,22,44,2.2,2.588235294,44
Trey Wingenter,DET,1,0,5.82,17,0,0,0,0,0,0,17,76,16,11,11,2,7,0,3,3,0,22,44,2.588235294,2.588235294,39
Colin Holderman,PIT,0,3,3.86,58,0,0,0,2,27,4,56,240,55,25,24,4,20,2,2,3,0,58,150,2.678571429,2.586206897,165
Tommy Doyle,COL,0,1,6.85,15,0,0,0,0,0,2,23.2,103,23,18,18,5,13,0,0,3,0,18,38.6,1.663793103,2.573333333,43.6
John Curtiss,NYM,0,0,4.58,15,0,0,0,0,2,1,19.2,81,17,10,10,3,8,0,0,0,0,16,38.6,2.010416667,2.573333333,38.6
Daniel Duarte,CIN,3,0,3.69,31,0,0,0,1,2,0,31.2,136,24,14,13,5,20,0,1,1,0,23,79.6,2.551282051,2.567741935,64.6
Rafael Montero,HOU,3,3,5.08,68,0,0,0,1,10,5,67.1,298,74,40,38,11,29,0,3,0,0,79,174.3,2.597615499,2.563235294,174.3
Yohan Ramírez,2 Tms,1,0,4.23,31,0,0,0,0,3,1,38.1,176,39,21,18,3,17,1,11,3,0,35,79.3,2.081364829,2.558064516,74.3
Jacob Webb,2 Tms,1,1,3.69,54,0,0,0,1,12,1,53.2,232,39,22,22,6,30,3,4,1,0,57,137.6,2.586466165,2.548148148,137.6
Sam Moll,2 Tms,2,3,3.03,70,1,0,0,1,8,3,62.1,268,47,22,21,2,30,8,7,4,0,68,178.3,2.871175523,2.547142857,183.3
Brad Hand,2 Tms,5,3,5.53,60,0,0,0,1,5,2,53.2,236,54,33,33,6,22,3,5,3,0,59,151.6,2.84962406,2.526666667,141.6
Colin Selby,PIT,2,2,9,21,5,0,0,0,2,3,24,114,29,24,24,4,15,1,0,3,0,30,53,2.208333333,2.523809524,53
Brennan Bernardino,BOS,2,1,3.2,55,6,0,0,0,4,0,50.2,216,48,19,18,4,18,1,6,3,0,58,138.6,2.760956175,2.52,133.6
Daniel Norris,CLE,0,0,5.68,7,0,0,0,0,0,0,12.2,63,10,11,8,3,12,0,1,0,0,11,17.6,1.442622951,2.514285714,17.6
Tayler Saucedo,SEA,3,2,3.59,52,0,0,0,1,3,1,47.2,207,41,20,19,2,23,1,6,1,0,43,130.6,2.766949153,2.511538462,125.6
Brooks Raley,NYM,1,2,2.8,66,0,0,0,3,25,3,54.2,236,44,19,17,4,25,3,6,0,0,61,164.6,3.036900369,2.493939394,169.6
Yency Almonte,LAD,3,2,5.06,49,0,0,0,0,9,2,48,208,43,30,27,6,24,2,4,3,0,49,122,2.541666667,2.489795918,117
Scott Alexander,SFG,7,3,4.66,55,8,0,0,1,6,2,48.1,208,55,30,25,2,11,3,1,7,0,31,136.3,2.833679834,2.478181818,116.3
Jovani Moran,MIN,2,2,5.31,43,0,0,0,0,9,1,42.1,184,35,27,25,3,27,1,0,2,0,48,106.3,2.524940618,2.472093023,106.3
Ryan Tepera,2 Tms,2,2,7.59,12,0,0,0,0,4,2,10.2,57,18,11,9,3,4,1,3,0,0,11,29.6,2.901960784,2.466666667,29.6
Jordan Balazovic,MIN,1,0,4.44,18,0,0,0,0,2,0,24.1,108,26,13,12,5,12,0,0,3,0,17,44.3,1.838174274,2.461111111,39.3
Jorge López,3 Tms,6,2,5.95,61,0,0,0,3,10,4,59,266,67,42,39,12,22,3,8,5,0,49,150,2.542372881,2.459016393,130
Brad Boxberger,CHC,0,1,4.95,22,0,0,0,2,1,0,20,84,15,11,11,3,11,1,1,0,0,17,54,2.7,2.454545455,59
Ryne Stanek,HOU,3,1,4.09,55,0,0,0,0,3,1,50.2,213,42,24,23,8,21,1,1,2,1,51,134.6,2.6812749,2.447272727,124.6
Zach Pop,TOR,1,1,6.59,15,0,0,0,0,1,0,13.2,56,11,11,10,4,6,0,0,1,0,14,36.6,2.772727273,2.44,36.6
Andrew Saalfrank,ARI,0,0,0,10,0,0,0,0,3,0,10.1,41,7,2,0,0,4,1,0,0,0,6,24.3,2.405940594,2.43,24.3
Matt Koch,COL,3,2,5.12,39,1,0,0,0,6,1,38.2,163,41,22,22,7,9,0,2,0,0,27,94.6,2.476439791,2.425641026,89.6
Gabe Speier,SEA,2,2,3.79,69,0,0,0,1,17,0,54.2,216,47,24,23,7,11,4,3,2,0,64,166.6,3.073800738,2.414492754,166.6
Trevor Gott,2 Tms,0,5,4.19,64,0,0,0,1,10,6,58,261,63,34,27,4,19,3,4,0,0,62,154,2.655172414,2.40625,179
Ian Kennedy,TEX,0,1,7.16,16,0,0,0,0,0,1,16.1,75,16,15,13,4,7,0,2,1,0,21,38.3,2.378881988,2.39375,43.3
Francisco Pérez,OAK,1,2,5.94,17,1,0,0,0,0,1,16.2,74,17,12,11,0,8,1,1,1,0,14,40.6,2.50617284,2.388235294,45.6
Luis García,SDP,2,3,4.07,61,0,0,0,0,10,3,59.2,267,59,30,27,6,24,1,6,4,0,53,144.6,2.442567568,2.370491803,149.6
Alex Young,CIN,4,2,3.86,63,0,0,0,1,13,3,53.2,236,53,27,23,10,20,0,1,0,0,50,148.6,2.793233083,2.358730159,138.6
Jose Cuas,2 Tms,3,2,3.99,72,2,0,0,1,10,3,65.1,292,63,30,29,8,35,0,7,5,0,71,169.3,2.600614439,2.351388889,164.3
Daniel Bard,COL,4,2,4.56,50,0,0,0,1,6,2,49.1,232,35,30,25,5,49,3,8,2,1,47,117.3,2.389002037,2.346,107.3
Connor Overton,CIN,0,1,11.45,3,3,0,0,0,0,0,11,55,19,14,14,3,7,0,0,0,0,9,7,0.636363636,2.333333333,12
Levi Stoudt,CIN,0,1,9.58,4,2,0,0,0,0,0,10.1,55,16,11,11,1,8,0,0,0,1,9,9.3,0.920792079,2.325,14.3
Tim Mayza,TOR,3,1,1.52,69,0,0,0,1,22,2,53.1,215,50,10,9,2,15,3,0,1,0,53,160.3,3.018832392,2.323188406,150.3
Dylan Lee,ATL,1,0,4.18,24,1,0,0,0,6,0,23.2,101,24,14,11,4,8,0,0,0,0,24,55.6,2.396551724,2.316666667,50.6
Jake Diekman,2 Tms,0,2,3.34,63,0,0,0,0,8,2,56.2,243,37,29,21,3,38,1,1,3,2,64,145.6,2.590747331,2.311111111,155.6
Nick Robertson,2 Tms,0,1,6.04,18,1,0,0,0,1,1,22.1,106,30,19,15,3,9,2,0,0,0,26,41.3,1.868778281,2.294444444,46.3
Keegan Akin,BAL,2,2,6.85,24,1,0,0,0,3,0,23.2,112,35,22,18,2,7,2,0,2,0,27,54.6,2.353448276,2.275,54.6
Matt Bush,MIL,0,2,9.58,12,0,0,0,1,1,3,10.1,48,11,11,11,5,6,0,0,0,0,10,27.3,2.702970297,2.275,37.3
Mitch White,TOR,0,1,7.11,10,0,0,0,0,0,0,12.2,60,15,11,10,2,7,0,0,1,0,13,22.6,1.852459016,2.26,27.6
Steven Cruz,KCR,0,0,4.97,10,4,0,0,0,0,0,12.2,62,11,7,7,1,11,0,1,1,0,15,22.6,1.852459016,2.26,22.6
Génesis Cabrera,2 Tms,2,1,4.04,61,0,0,0,0,10,3,55.2,239,49,28,25,8,24,3,2,1,1,58,137.6,2.492753623,2.255737705,132.6
Yunior Marte,PHI,1,1,5.03,40,0,0,0,2,2,2,39.1,182,47,27,22,6,17,0,1,0,0,38,89.3,2.283887468,2.2325,89.3
Dinelson Lamet,2 Tms,1,4,11.71,17,4,0,0,0,0,2,27.2,145,42,38,36,7,23,0,1,5,1,32,37.6,1.382352941,2.211764706,52.6
Brandon Hughes,CHC,0,3,7.24,17,0,0,0,0,1,2,13.2,63,14,11,11,2,8,1,1,0,0,17,37.6,2.848484848,2.211764706,52.6
Garrett Crochet,CHW,0,2,3.55,13,0,0,0,0,0,1,12.2,64,12,6,5,1,13,0,1,1,0,12,28.6,2.344262295,2.2,38.6
Andrew Suárez,STL,0,0,7.16,13,0,0,0,0,0,0,27.2,130,33,27,22,7,15,0,0,2,0,17,28.6,1.051470588,2.2,28.6
Jonathan Hernández,TEX,1,2,5.4,33,0,0,0,0,10,4,31.2,147,35,20,19,4,15,1,4,2,0,34,72.6,2.326923077,2.2,77.6
José Ruiz,2 Tms,2,1,5.89,38,1,0,0,0,1,2,44.1,207,52,31,29,10,21,1,6,3,1,39,83.3,1.888888889,2.192105263,78.3
Chasen Shreve,2 Tms,1,2,4.63,50,0,0,0,0,12,5,44.2,193,46,25,23,7,14,0,1,3,0,45,109.6,2.479638009,2.192,114.6
JT Chargois,MIA,1,0,3.61,46,5,0,0,1,4,3,42.1,174,35,17,17,3,18,1,0,0,0,35,100.3,2.382422803,2.180434783,95.3
John King,2 Tms,2,1,3.62,35,0,0,0,0,12,2,37.1,157,45,15,15,2,10,0,0,0,0,20,76.3,2.056603774,2.18,71.3
Cionel Pérez,BAL,4,2,3.54,65,0,0,0,3,11,0,53.1,247,56,30,21,2,27,3,4,0,1,44,141.3,2.661016949,2.173846154,131.3
Luis Frías,ARI,1,0,4.06,29,0,0,0,0,1,1,31,139,30,14,14,3,17,0,2,1,0,26,63,2.032258065,2.172413793,58
Ben Joyce,LAA,1,1,5.4,12,0,0,0,0,4,0,10,48,9,6,6,1,9,0,1,1,0,10,26,2.6,2.166666667,26
Jackson Kowar,KCR,2,0,6.43,23,0,0,0,0,0,0,28,137,34,24,20,4,20,0,1,5,0,29,49,1.75,2.130434783,39
Andre Pallante,STL,4,1,4.76,62,0,0,0,0,13,5,68,302,76,37,36,6,30,0,3,6,1,43,130,1.911764706,2.096774194,115
Josh Staumont,KCR,0,0,5.4,21,1,0,0,0,1,0,20,89,16,12,12,1,13,0,2,3,0,24,43,2.15,2.047619048,43
Kirby Snead,OAK,1,2,4.63,15,0,0,0,0,7,3,11.2,56,14,7,6,1,6,1,0,3,0,9,30.6,2.732142857,2.04,35.6
Sam Long,OAK,0,1,5.6,40,1,0,0,2,5,0,45,199,49,29,28,5,21,3,1,2,0,32,81,1.8,2.025,86
Thaddeus Ward,WSN,0,0,6.37,26,0,0,0,0,0,0,35.1,160,29,26,25,7,28,1,2,1,0,30,52.3,1.49002849,2.011538462,52.3
Amir Garrett,KCR,0,1,3.33,27,0,0,0,0,0,0,24.1,112,22,11,9,4,20,0,0,1,0,28,54.3,2.253112033,2.011111111,59.3
Lucas Luetge,ATL,1,0,7.24,12,0,0,0,0,0,1,13.2,65,17,11,11,2,7,0,1,2,0,14,23.6,1.787878788,1.966666667,18.6
Justin Bruihl,2 Tms,1,0,5.46,27,0,0,0,0,1,0,28,121,28,18,17,2,11,2,3,2,0,22,53,1.892857143,1.962962963,48
Nick Wittgren,KCR,1,0,4.97,27,0,0,0,0,2,1,29,128,30,17,16,2,11,0,3,1,0,18,53,1.827586207,1.962962963,48
Gus Varland,2 Tms,1,1,6.64,16,0,0,0,0,1,0,20.1,103,27,18,15,3,16,1,1,2,0,20,31.3,1.55721393,1.95625,31.3
Adam Oller,OAK,1,1,10.07,9,1,0,0,0,0,0,19.2,101,29,24,22,5,12,0,1,1,0,13,17.6,0.916666667,1.955555556,17.6
Jonathan Heasley,KCR,0,0,7.2,12,0,0,0,0,1,1,15,63,17,13,12,5,2,0,1,1,0,9,23,1.533333333,1.916666667,23
Andrew Bellatti,PHI,1,0,5.11,27,0,0,0,0,2,0,24.2,113,25,15,14,4,12,0,0,0,0,25,51.6,2.132231405,1.911111111,46.6
Cody Bolton,PIT,1,0,6.33,16,0,0,0,0,1,0,21.1,107,30,15,15,3,15,0,1,0,0,22,30.3,1.436018957,1.89375,25.3
Declan Cronin,CHW,0,1,9,9,0,0,0,0,1,0,11,51,11,12,11,3,7,0,2,0,0,8,17,1.545454545,1.888888889,22
Richard Bleier,BOS,1,0,5.28,27,0,0,0,0,2,1,30.2,132,37,20,18,5,5,1,3,3,0,16,50.6,1.675496689,1.874074074,45.6
Ben Heller,ATL,0,0,3.86,19,0,0,0,0,4,1,18.2,82,16,9,8,2,11,0,2,4,0,16,35.6,1.956043956,1.873684211,35.6
Amos Willingham,WSN,0,2,6.66,18,0,0,0,0,0,0,24.1,116,35,18,18,8,9,2,1,0,0,15,33.3,1.381742739,1.85,43.3
Justin Garza,BOS,0,2,7.36,17,1,0,0,0,0,0,18.1,91,22,17,15,3,12,1,1,2,1,17,31.3,1.729281768,1.841176471,41.3
Jeurys Familia,OAK,0,1,6.39,14,0,0,0,2,1,2,12.2,64,13,12,9,2,13,0,1,0,0,9,25.6,2.098360656,1.828571429,30.6
Parker Mushinski,HOU,0,0,5.52,14,0,0,0,0,1,0,14.2,69,19,9,9,5,4,0,4,0,0,15,25.6,1.802816901,1.828571429,25.6
Jose A. Ferrer,WSN,3,0,5.03,39,0,0,0,0,5,1,34,142,37,19,19,4,13,2,1,0,0,25,71,2.088235294,1.820512821,56
Joely Rodríguez,BOS,0,0,6.55,11,0,0,0,0,0,0,11,51,13,9,8,2,6,0,0,0,0,14,20,1.818181818,1.818181818,20
Austin Adams,ARI,0,1,5.71,24,0,0,0,0,7,1,17.1,81,16,12,11,1,8,0,5,2,0,22,43.3,2.532163743,1.804166667,48.3
Eduardo Salazar,CIN,1,0,8.03,8,0,0,0,0,0,0,12.1,61,16,11,11,0,5,0,4,1,0,5,14.3,1.181818182,1.7875,9.3
Casey Legumina,CIN,1,0,5.68,11,0,0,0,0,1,0,12.2,61,16,11,8,3,9,0,0,1,0,11,19.6,1.606557377,1.781818182,14.6
Juan Then,SEA,0,0,4.91,9,0,0,0,0,0,0,11,48,14,6,6,3,2,0,0,1,0,5,16,1.454545455,1.777777778,16
Aaron Loup,LAA,2,3,6.1,55,0,0,0,1,9,2,48.2,231,65,37,33,6,20,4,2,2,1,45,97.6,2.024896266,1.774545455,102.6
Adam Cimber,TOR,0,2,7.4,22,0,0,0,1,1,1,20.2,95,25,18,17,6,7,0,4,0,0,12,38.6,1.910891089,1.754545455,48.6
Jacob Barnes,STL,0,1,5.93,13,0,0,0,0,0,0,13.2,61,18,11,9,1,3,0,1,0,0,8,22.6,1.712121212,1.738461538,27.6
Tim Hill,SDP,1,4,5.48,48,0,0,0,0,9,3,44.1,202,59,36,27,7,14,0,6,0,0,26,83.3,1.888888889,1.735416667,98.3
Garrett Hill,DET,0,0,9.19,9,0,0,0,1,1,0,15.2,80,19,20,16,4,14,0,1,1,0,14,15.6,1.026315789,1.733333333,15.6
Anthony Bass,TOR,0,0,4.95,22,0,0,0,0,1,0,20,88,19,12,11,3,9,2,0,1,0,19,38,1.9,1.727272727,38
Anthony Misiewicz,3 Tms,2,0,7.36,11,0,0,0,0,1,1,11,55,17,11,9,2,6,0,0,3,0,8,19,1.727272727,1.727272727,9
Lane Ramsey,CHW,1,0,5.85,21,0,0,0,0,3,0,20,92,25,13,13,1,9,0,0,3,0,18,36,1.8,1.714285714,31
Matt Barnes,MIA,1,0,5.48,24,1,0,0,0,3,1,21.1,99,25,13,13,2,10,1,1,2,1,20,39.3,1.862559242,1.6375,34.3
Glenn Otto,TEX,0,0,10.12,6,0,0,0,0,1,0,10.2,51,14,12,12,6,6,0,0,0,0,11,9.6,0.941176471,1.6,9.6
Yerry Rodríguez,TEX,0,1,7.9,13,1,0,0,0,0,1,13.2,66,20,12,12,1,6,1,0,1,0,15,20.6,1.560606061,1.584615385,25.6
Reiver Sanmartin,CIN,1,0,7.07,14,0,0,0,0,1,0,14,70,17,13,11,2,10,0,0,2,0,13,22,1.571428571,1.571428571,17
Josh Walker,NYM,0,1,8.1,13,0,0,0,0,1,0,10,48,12,11,9,2,6,0,0,1,1,12,20,2,1.538461538,25
Rob Zastryzny,PIT,1,0,4.79,21,1,0,0,0,2,1,20.2,97,24,15,11,1,13,1,0,2,0,15,31.6,1.564356436,1.504761905,26.6
Collin Snider,KCR,0,0,4.87,20,1,0,0,1,3,1,20.1,95,24,12,11,3,13,0,0,0,0,11,28.3,1.407960199,1.415,28.3
Spencer Patton,OAK,0,0,5.11,12,0,0,0,0,2,0,12.1,55,13,7,7,3,6,1,0,0,0,7,16.3,1.347107438,1.358333333,16.3
Anthony Kay,2 Tms,0,0,6.14,16,0,0,0,0,0,1,14.2,66,13,10,10,2,9,0,2,1,0,11,21.6,1.521126761,1.35,21.6
Joel Kuhnel,2 Tms,0,0,5.54,9,0,0,0,0,0,0,13,58,16,8,8,2,5,1,1,0,0,3,12,0.923076923,1.333333333,12
Hobie Harris,WSN,0,0,5.12,16,0,0,0,0,0,0,19.1,91,21,12,11,2,13,0,1,1,0,9,21.3,1.115183246,1.33125,21.3
Dylan Coleman,KCR,0,2,8.84,23,1,0,0,0,5,1,18.1,96,18,19,18,3,19,1,5,3,0,21,29.3,1.61878453,1.273913043,39.3
Tayler Scott,3 Tms,0,0,5.6,18,2,0,0,0,0,2,17.2,88,23,12,11,3,10,2,3,1,0,17,22.6,1.313953488,1.255555556,22.6
Justin Martinez,ARI,0,0,12.6,10,0,0,0,1,0,0,10,57,13,14,14,2,11,1,2,1,0,14,10,1,1,10
Javy Guerra,2 Tms,0,0,6.05,17,2,0,0,0,0,0,19.1,97,17,13,13,2,22,3,2,2,0,14,16.3,0.853403141,0.958823529,16.3
Jeremiah Estrada,CHC,0,0,6.75,12,0,0,0,0,1,0,10.2,56,12,8,8,4,12,1,0,0,0,13,10.6,1.039215686,0.883333333,10.6
Taylor Hearn,3 Tms,0,0,11.4,13,0,0,0,0,1,0,15,76,23,19,19,4,8,0,0,1,0,15,10,0.666666667,0.769230769,10
Rico Garcia,2 Tms,0,0,9.26,10,0,0,0,0,1,0,11.2,60,19,12,12,5,6,0,0,1,0,10,6.6,0.589285714,0.66,6.6
James Naile,STL,0,0,8.8,10,0,0,0,0,1,0,15.1,80,27,19,15,1,9,0,0,0,0,7,1.3,0.086092715,0.13,1.3
Chase De Jong,PIT,0,0,13.5,6,0,0,0,0,0,0,11.1,60,18,17,17,6,6,0,2,1,0,7,-0.7,-0.063063063,-0.116666667,-0.7
Peter Solomon,ARI,0,0,12.15,5,0,0,0,0,0,0,13.1,67,17,18,18,2,11,0,1,1,0,6,-0.7,-0.053435115,-0.14,-0.7
